data,genere,regista,anno,durata,eta,costo
"2027-12-29 16:00","Good Will Hunting",Drama,"Gus Van Sant",1997,126,0,8.5
"2027-12-29 12:30","The Best Years of Our Lives",Drama,"William Wyler",1946,170,12,8.5
"2027-12-29 10:00","To Have and Have Not",Adventure,"Howard Hawks",1944,100,6,8.0
"2027-12-28 15:30","Blue Velvet",Drama,"David Lynch",1986,120,12,7.5
"2027-12-28 13:00","The Philadelphia Story",Comedy,"George Cukor",1940,112,12,8.5
"2027-12-28 10:00","Good Will Hunting",Drama,"Gus Van Sant",1997,126,0,6.5
"2027-12-27 14:00","The Blues Brothers",Action,"John Landis",1980,133,0,8.5
"2027-12-27 10:30","The Bridge on the River Kwai",Adventure,"David Lean",1957,161,6,7.5
"2027-12-26 19:30","Good Will Hunting",Drama,"Gus Van Sant",1997,126,0,10.0
"2027-12-26 16:00","The Bridge on the River Kwai",Adventure,"David Lean",1957,161,6,8.5
"2027-12-26 13:00","Good Will Hunting",Drama,"Gus Van Sant",1997,126,0,8.5
"2027-12-26 10:00","Blue Velvet",Drama,"David Lynch",1986,120,12,7.5
"2027-12-25 22:00","The Best Years of Our Lives",Drama,"William Wyler",1946,170,12,10.0
"2027-12-25 18:00","Gandhi",Biography,"Richard Attenborough",1982,191,0,9.0
"2027-12-25 14:30","The Lord of the Rings: The Fellowship of the Ring",Action,"Peter Jackson",2001,178,0,7.0
"2027-12-25 10:30","The Lord of the Rings: The Fellowship of the Ring",Action,"Peter Jackson",2001,178,0,8.0
"2027-12-24 13:30","Misery",Drama,"Rob Reiner",1990,107,16,8.0
"2027-12-24 10:30","The Treasure of the Sierra Madre",Adventure,"John Huston",1948,126,12,8.5
"2027-12-23 10:00","The Hurricane",Biography,"Norman Jewison",1999,146,16,8.5
"2027-12-22 17:00","C.R.A.Z.Y.",Comedy,"Jean-Marc Vallée",2005,129,12,8.0
"2027-12-22 14:30","Misery",Drama,"Rob Reiner",1990,107,16,7.5
"2027-12-22 10:30","Veer-Zaara",Drama,"Yash Chopra",2004,192,0,7.5
"2027-12-21 16:00","Primal Fear",Crime,"Gregory Hoblit",1996,129,12,7.0
"2027-12-21 13:00","The Blues Brothers",Action,"John Landis",1980,133,0,8.0
"2027-12-21 10:00","Blue Velvet",Drama,"David Lynch",1986,120,12,7.5
"2027-12-20 13:30","Donnie Darko",Drama,"Richard Kelly",2001,113,16,7.0
"2027-12-20 10:30","Star Trek II: The Wrath of Khan",Action,"Nicholas Meyer",1982,113,0,8.0
"2027-12-19 16:00","The Silence of the Lambs",Crime,"Jonathan Demme",1991,118,12,7.5
"2027-12-19 13:00","Philadelphia",Drama,"Jonathan Demme",1993,125,12,8.5
"2027-12-19 10:00","Primal Fear",Crime,"Gregory Hoblit",1996,129,12,8.0
"2027-12-18 16:30","The Maltese Falcon",Film-Noir,"John Huston",1941,100,12,8.0
"2027-12-18 13:30","The Blues Brothers",Action,"John Landis",1980,133,0,8.0
"2027-12-18 10:30","C.R.A.Z.Y.",Comedy,"Jean-Marc Vallée",2005,129,12,6.5
"2027-12-17 10:00","Primal Fear",Crime,"Gregory Hoblit",1996,129,12,7.5
"2027-12-16 15:00","Cape Fear",Drama,"J. Lee Thompson",1962,106,12,8.0
"2027-12-16 10:30","Shichinin no samurai",Action,"Akira Kurosawa",1954,207,0,6.5
"2027-12-15 16:00","American Psycho",Comedy,"Mary Harron",2000,101,12,8.0
"2027-12-15 13:30","The Others",Horror,"Alejandro Amenábar",2001,101,12,8.0
"2027-12-15 10:30","Blue Velvet",Drama,"David Lynch",1986,120,12,7.5
"2027-12-14 10:30","Fight Club",Drama,"David Fincher",1999,139,12,6.5
"2027-12-13 15:30","American Psycho",Comedy,"Mary Harron",2000,101,12,6.5
"2027-12-13 12:30","The Treasure of the Sierra Madre",Adventure,"John Huston",1948,126,12,8.0
"2027-12-13 10:00","Kurenai no buta",Animation,"Hayao Miyazaki",1992,94,0,7.0
"2027-12-12 18:00","Shichinin no samurai",Action,"Akira Kurosawa",1954,207,0,8.5
"2027-12-12 15:30","To Have and Have Not",Adventure,"Howard Hawks",1944,100,6,8.0
"2027-12-12 13:00","Withnail & I",Comedy,"Bruce Robinson",1987,107,16,6.5
"2027-12-12 10:30","The Maltese Falcon",Film-Noir,"John Huston",1941,100,12,8.0
"2027-12-11 19:00","Fight Club",Drama,"David Fincher",1999,139,12,10.0
"2027-12-11 16:30","Reservoir Dogs",Crime,"Quentin Tarantino",1992,99,16,8.5
"2027-12-11 12:30","Shichinin no samurai",Action,"Akira Kurosawa",1954,207,0,8.5
"2027-12-11 10:00","Eastern Promises",Action,"David Cronenberg",2007,100,16,6.5
"2027-12-10 13:00","To Have and Have Not",Adventure,"Howard Hawks",1944,100,6,6.5
"2027-12-10 10:30","Cape Fear",Drama,"J. Lee Thompson",1962,106,12,7.0
"2027-12-9 10:00","Star Trek II: The Wrath of Khan",Action,"Nicholas Meyer",1982,113,0,8.0
"2027-12-8 10:00","Blue Velvet",Drama,"David Lynch",1986,120,12,6.5
"2027-12-7 15:00","Lat sau san taam",Action,"John Woo",1992,128,16,7.0
"2027-12-7 12:30","Eastern Promises",Action,"David Cronenberg",2007,100,16,6.5
"2027-12-7 10:00","Withnail & I",Comedy,"Bruce Robinson",1987,107,16,6.5
"2027-12-6 15:00","American Psycho",Comedy,"Mary Harron",2000,101,12,8.0
"2027-12-6 12:30","The Maltese Falcon",Film-Noir,"John Huston",1941,100,12,8.5
"2027-12-6 10:00","Eastern Promises",Action,"David Cronenberg",2007,100,16,7.0
"2027-12-5 20:00","American Psycho",Comedy,"Mary Harron",2000,101,12,8.5
"2027-12-5 17:30","Jûbê ninpûchô",Animation,"Yoshiaki Kawajiri",1993,94,12,8.5
"2027-12-5 13:00","Giant",Drama,"George Stevens",1956,201,0,8.5
"2027-12-5 10:00","Mississippi Burning",Crime,"Alan Parker",1988,128,12,8.0
"2027-12-4 15:30","The Best Years of Our Lives",Drama,"William Wyler",1946,170,12,6.5
"2027-12-4 12:30","Lat sau san taam",Action,"John Woo",1992,128,16,8.0
"2027-12-4 10:00","Cape Fear",Drama,"J. Lee Thompson",1962,106,12,8.0
"2027-12-3 16:00","The Best Years of Our Lives",Drama,"William Wyler",1946,170,12,8.5
"2027-12-3 13:30","Jûbê ninpûchô",Animation,"Yoshiaki Kawajiri",1993,94,12,7.5
"2027-12-3 10:30","Cool Hand Luke",Crime,"Stuart Rosenberg",1967,127,12,8.5
"2027-12-2 10:30","Giant",Drama,"George Stevens",1956,201,0,7.5
"2027-12-1 14:00","Blue Velvet",Drama,"David Lynch",1986,120,12,8.0
"2027-12-1 10:00","The Best Years of Our Lives",Drama,"William Wyler",1946,170,12,8.0
"2027-11-30 13:30","Kurenai no buta",Animation,"Hayao Miyazaki",1992,94,0,6.5
"2027-11-30 10:30","Cool Hand Luke",Crime,"Stuart Rosenberg",1967,127,12,7.5
"2027-11-29 13:30","The Others",Horror,"Alejandro Amenábar",2001,101,12,7.0
"2027-11-29 10:00","The Best Years of Our Lives",Drama,"William Wyler",1946,170,12,7.5
"2027-11-28 16:00","Mississippi Burning",Crime,"Alan Parker",1988,128,12,8.0
"2027-11-28 13:00","The Blues Brothers",Action,"John Landis",1980,133,0,8.0
"2027-11-28 10:30","Festen",Drama,"Thomas Vinterberg",1998,105,16,8.0
"2027-11-27 20:00","Cool Hand Luke",Crime,"Stuart Rosenberg",1967,127,12,10.0
"2027-11-27 17:00","The Blues Brothers",Action,"John Landis",1980,133,0,7.5
"2027-11-27 13:30","The Best Years of Our Lives",Drama,"William Wyler",1946,170,12,6.5
"2027-11-27 10:30","The Blues Brothers",Action,"John Landis",1980,133,0,8.0
"2027-11-26 13:30","It Happened One Night",Comedy,"Frank Capra",1934,105,12,8.0
"2027-11-26 10:30","Sin City",Crime,"Frank Miller",2005,124,12,6.5
"2027-11-25 16:00","The Silence of the Lambs",Crime,"Jonathan Demme",1991,118,12,6.5
"2027-11-25 12:30","Tengoku to jigoku",Crime,"Akira Kurosawa",1963,143,12,8.0
"2027-11-25 10:00","It Happened One Night",Comedy,"Frank Capra",1934,105,12,7.0
"2027-11-24 16:00","The Ladykillers",Comedy,"Alexander Mackendrick",1955,91,12,6.5
"2027-11-24 13:30","Cape Fear",Drama,"J. Lee Thompson",1962,106,12,7.5
"2027-11-24 10:30","Aliens",Action,"James Cameron",1986,137,0,8.0
"2027-11-23 12:30","The Others",Horror,"Alejandro Amenábar",2001,101,12,6.5
"2027-11-23 10:00","Monsters, Inc.",Animation,"Pete Docter",2001,92,0,6.5
"2027-11-22 10:30","Jûbê ninpûchô",Animation,"Yoshiaki Kawajiri",1993,94,12,7.5
"2027-11-21 16:00","The Hurricane",Biography,"Norman Jewison",1999,146,16,8.0
"2027-11-21 13:00","Platoon",Drama,"Oliver Stone",1986,120,12,8.5
"2027-11-21 10:00","Cool Hand Luke",Crime,"Stuart Rosenberg",1967,127,12,7.0
"2027-11-20 20:30","Aliens",Action,"James Cameron",1986,137,0,9.0
"2027-11-20 18:00","Jules et Jim",Drama,"François Truffaut",1962,105,12,10.0
"2027-11-20 14:30","Close Encounters of the Third Kind",Drama,"Steven Spielberg",1977,138,0,8.5
"2027-11-20 10:30","The Best Years of Our Lives",Drama,"William Wyler",1946,170,12,7.0
"2027-11-19 10:00","The Hurricane",Biography,"Norman Jewison",1999,146,16,8.5
"2027-11-18 10:00","Scent of a Woman",Drama,"Martin Brest",1992,156,12,7.0
"2027-11-17 10:30","Giant",Drama,"George Stevens",1956,201,0,7.5
"2027-11-16 16:00","The Hurricane",Biography,"Norman Jewison",1999,146,16,7.0
"2027-11-16 13:00","Butch Cassidy and the Sundance Kid",Biography,"George Roy Hill",1969,110,6,7.5
"2027-11-16 10:30","The Others",Horror,"Alejandro Amenábar",2001,101,12,8.0
"2027-11-15 17:00","Monsters, Inc.",Animation,"Pete Docter",2001,92,0,8.0
"2027-11-15 14:00","The Long Goodbye",Comedy,"Robert Altman",1973,112,12,7.0
"2027-11-15 10:30","Fight Club",Drama,"David Fincher",1999,139,12,8.0
"2027-11-14 15:30","Platoon",Drama,"Oliver Stone",1986,120,12,7.0
"2027-11-14 12:30","Tengoku to jigoku",Crime,"Akira Kurosawa",1963,143,12,7.5
"2027-11-14 10:00","Back to the Future Part II",Adventure,"Robert Zemeckis",1989,108,0,6.5
"2027-11-13 18:30","Papurika",Animation,"Satoshi Kon",2006,90,0,9.5
"2027-11-13 16:00","Back to the Future Part II",Adventure,"Robert Zemeckis",1989,108,0,7.5
"2027-11-13 13:00","Platoon",Drama,"Oliver Stone",1986,120,12,7.0
"2027-11-13 10:30","Platoon",Drama,"Oliver Stone",1986,120,12,7.5
"2027-11-12 13:30","Blow",Biography,"Ted Demme",2001,124,16,8.0
"2027-11-12 10:00","Scent of a Woman",Drama,"Martin Brest",1992,156,12,7.0
"2027-11-11 13:00","Papurika",Animation,"Satoshi Kon",2006,90,0,8.0
"2027-11-11 10:30","Papurika",Animation,"Satoshi Kon",2006,90,0,6.5
"2027-11-10 10:30","Close Encounters of the Third Kind",Drama,"Steven Spielberg",1977,138,0,8.0
"2027-11-9 13:00","The Long Goodbye",Comedy,"Robert Altman",1973,112,12,7.0
"2027-11-9 10:00","Sin City",Crime,"Frank Miller",2005,124,12,7.0
"2027-11-8 13:00","Chinatown",Drama,"Roman Polanski",1974,130,12,7.0
"2027-11-8 10:30","Papurika",Animation,"Satoshi Kon",2006,90,0,8.5
"2027-11-7 15:00","Sherlock Jr.",Action,"Buster Keaton",1924,45,12,6.5
"2027-11-7 12:30","Annie Hall",Comedy,"Woody Allen",1977,93,12,8.0
"2027-11-7 10:00","Butch Cassidy and the Sundance Kid",Biography,"George Roy Hill",1969,110,6,7.5
"2027-11-6 19:30","Giant",Drama,"George Stevens",1956,201,0,9.0
"2027-11-6 16:00","Idi i smotri",Drama,"Elem Klimov",1985,142,12,8.0
"2027-11-6 13:00","Sin City",Crime,"Frank Miller",2005,124,12,6.5
"2027-11-6 10:00","Blow",Biography,"Ted Demme",2001,124,16,7.5
"2027-11-5 10:30","Back to the Future Part II",Adventure,"Robert Zemeckis",1989,108,0,8.0
"2027-11-4 10:30","Aliens",Action,"James Cameron",1986,137,0,8.0
"2027-11-3 10:30","Scent of a Woman",Drama,"Martin Brest",1992,156,12,7.0
"2027-11-2 13:30","Papurika",Animation,"Satoshi Kon",2006,90,0,6.5
"2027-11-2 10:30","Enemy at the Gates",Drama,"Jean-Jacques Annaud",2001,131,12,7.0
"2027-11-1 13:00","The Ladykillers",Comedy,"Alexander Mackendrick",1955,91,12,8.0
"2027-11-1 10:30","4 luni, 3 saptamâni si 2 zile",Drama,"Cristian Mungiu",2007,113,12,8.5
"2027-10-31 17:00","Sherlock Jr.",Action,"Buster Keaton",1924,45,12,6.5
"2027-10-31 14:00","Back to the Future Part II",Adventure,"Robert Zemeckis",1989,108,0,6.5
"2027-10-31 10:30","Scent of a Woman",Drama,"Martin Brest",1992,156,12,6.5
"2027-10-30 17:00","Monsters, Inc.",Animation,"Pete Docter",2001,92,0,8.0
"2027-10-30 14:00","Blow",Biography,"Ted Demme",2001,124,16,8.5
"2027-10-30 10:30","The Best Years of Our Lives",Drama,"William Wyler",1946,170,12,7.5
"2027-10-29 10:30","Annie Hall",Comedy,"Woody Allen",1977,93,12,7.5
"2027-10-28 15:00","Tengoku to jigoku",Crime,"Akira Kurosawa",1963,143,12,7.5
"2027-10-28 12:30","Ivanovo detstvo",Drama,"Andrei Tarkovsky",1962,95,12,7.5
"2027-10-28 10:00","The Ladykillers",Comedy,"Alexander Mackendrick",1955,91,12,8.0
"2027-10-27 10:30","Donnie Brasco",Biography,"Mike Newell",1997,127,12,6.5
"2027-10-26 10:00","Zelig",Comedy,"Woody Allen",1983,79,6,8.5
"2027-10-25 10:30","No Country for Old Men",Crime,"Ethan Coen",2007,122,16,6.5
"2027-10-24 19:30","Annie Hall",Comedy,"Woody Allen",1977,93,12,9.5
"2027-10-24 16:00","The Best Years of Our Lives",Drama,"William Wyler",1946,170,12,8.0
"2027-10-24 13:00","Butch Cassidy and the Sundance Kid",Biography,"George Roy Hill",1969,110,6,7.0
"2027-10-24 10:30","Butch Cassidy and the Sundance Kid",Biography,"George Roy Hill",1969,110,6,8.5
"2027-10-23 19:00","Adaptation.",Comedy,"Spike Jonze",2002,115,16,8.5
"2027-10-23 16:00","Blow",Biography,"Ted Demme",2001,124,16,7.0
"2027-10-23 13:00","No Country for Old Men",Crime,"Ethan Coen",2007,122,16,6.5
"2027-10-23 10:00","Platoon",Drama,"Oliver Stone",1986,120,12,7.5
"2027-10-22 10:00","Zelig",Comedy,"Woody Allen",1983,79,6,7.5
"2027-10-21 10:00","Adaptation.",Comedy,"Spike Jonze",2002,115,16,7.5
"2027-10-20 13:30","Chinatown",Drama,"Roman Polanski",1974,130,12,8.0
"2027-10-20 10:00","Aliens",Action,"James Cameron",1986,137,0,6.5
"2027-10-19 13:30","Monsters, Inc.",Animation,"Pete Docter",2001,92,0,7.0
"2027-10-19 10:30","Aliens",Action,"James Cameron",1986,137,0,8.5
"2027-10-18 10:30","The Best Years of Our Lives",Drama,"William Wyler",1946,170,12,8.5
"2027-10-17 16:00","Close Encounters of the Third Kind",Drama,"Steven Spielberg",1977,138,0,8.0
"2027-10-17 13:00","Back to the Future Part II",Adventure,"Robert Zemeckis",1989,108,0,6.5
"2027-10-17 10:30","Sunrise: A Song of Two Humans",Drama,"F.W. Murnau",1927,94,12,7.5
"2027-10-16 16:30","Platoon",Drama,"Oliver Stone",1986,120,12,7.0
"2027-10-16 13:30","Idi i smotri",Drama,"Elem Klimov",1985,142,12,6.5
"2027-10-16 10:30","Adaptation.",Comedy,"Spike Jonze",2002,115,16,6.5
"2027-10-15 13:00","Chinatown",Drama,"Roman Polanski",1974,130,12,8.0
"2027-10-15 10:00","Close Encounters of the Third Kind",Drama,"Steven Spielberg",1977,138,0,6.5
"2027-10-14 10:30","Sherlock Jr.",Action,"Buster Keaton",1924,45,12,6.5
"2027-10-13 13:00","Sunrise: A Song of Two Humans",Drama,"F.W. Murnau",1927,94,12,7.5
"2027-10-13 10:00","Close Encounters of the Third Kind",Drama,"Steven Spielberg",1977,138,0,6.5
"2027-10-12 13:30","Sunrise: A Song of Two Humans",Drama,"F.W. Murnau",1927,94,12,8.0
"2027-10-12 10:30","The Pianist",Biography,"Roman Polanski",2002,150,16,7.0
"2027-10-11 13:00","The Shop Around the Corner",Comedy,"Ernst Lubitsch",1940,99,12,7.5
"2027-10-11 10:00","The Lives of Others",Drama,"Florian Henckel von Donnersmarck",2006,137,12,7.5
"2027-10-10 17:30","Bound by Honor",Crime,"Taylor Hackford",1993,180,16,7.5
"2027-10-10 15:00","Falling Down",Action,"Joel Schumacher",1993,113,16,7.0
"2027-10-10 13:30","Sherlock Jr.",Action,"Buster Keaton",1924,45,12,8.5
"2027-10-10 10:30","Hauru no ugoku shiro",Animation,"Hayao Miyazaki",2004,119,0,8.0
"2027-10-9 16:00","Platoon",Drama,"Oliver Stone",1986,120,12,6.5
"2027-10-9 13:30","A Christmas Story",Comedy,"Bob Clark",1983,93,0,7.5
"2027-10-9 10:00","Amadeus",Biography,"Milos Forman",1984,160,16,8.0
"2027-10-8 10:00","Back to the Future Part II",Adventure,"Robert Zemeckis",1989,108,0,6.5
"2027-10-7 10:30","Close Encounters of the Third Kind",Drama,"Steven Spielberg",1977,138,0,6.5
"2027-10-6 14:00","As Good as It Gets",Comedy,"James L. Brooks",1997,139,12,7.0
"2027-10-6 10:30","Close Encounters of the Third Kind",Drama,"Steven Spielberg",1977,138,0,7.0
"2027-10-5 16:30","Black Hawk Down",Drama,"Ridley Scott",2001,144,12,7.5
"2027-10-5 14:00","Back to the Future Part II",Adventure,"Robert Zemeckis",1989,108,0,8.5
"2027-10-5 10:30","Black Hawk Down",Drama,"Ridley Scott",2001,144,12,8.0
"2027-10-4 10:30","Close Encounters of the Third Kind",Drama,"Steven Spielberg",1977,138,0,6.5
"2027-10-3 17:00","4 luni, 3 saptamâni si 2 zile",Drama,"Cristian Mungiu",2007,113,12,7.0
"2027-10-3 14:00","Falling Down",Action,"Joel Schumacher",1993,113,16,7.0
"2027-10-3 10:30","As Good as It Gets",Comedy,"James L. Brooks",1997,139,12,8.0
"2027-10-2 19:30","Persona",Drama,"Ingmar Bergman",1966,85,12,9.0
"2027-10-2 16:30","The Lives of Others",Drama,"Florian Henckel von Donnersmarck",2006,137,12,8.5
"2027-10-2 13:30","Falling Down",Action,"Joel Schumacher",1993,113,16,8.5
"2027-10-2 10:30","As Good as It Gets",Comedy,"James L. Brooks",1997,139,12,8.0
"2027-10-1 10:30","Back to the Future Part II",Adventure,"Robert Zemeckis",1989,108,0,8.0
"2027-9-30 13:30","Falling Down",Action,"Joel Schumacher",1993,113,16,8.0
"2027-9-30 10:30","The Lives of Others",Drama,"Florian Henckel von Donnersmarck",2006,137,12,7.0
"2027-9-29 10:00","The Lives of Others",Drama,"Florian Henckel von Donnersmarck",2006,137,12,8.0
"2027-9-28 13:00","The King of Comedy",Comedy,"Martin Scorsese",1982,109,0,7.0
"2027-9-28 10:00","Le notti di Cabiria",Drama,"Federico Fellini",1957,110,12,7.0
"2027-9-27 10:00","Donnie Brasco",Biography,"Mike Newell",1997,127,12,7.0
"2027-9-26 19:00","The King of Comedy",Comedy,"Martin Scorsese",1982,109,0,9.5
"2027-9-26 15:30","Boogie Nights",Drama,"Paul Thomas Anderson",1997,155,16,7.0
"2027-9-26 12:30","Sleepers",Crime,"Barry Levinson",1996,147,12,6.5
"2027-9-26 10:00","Le notti di Cabiria",Drama,"Federico Fellini",1957,110,12,7.0
"2027-9-25 15:30","Enemy at the Gates",Drama,"Jean-Jacques Annaud",2001,131,12,7.5
"2027-9-25 12:30","Happiness",Comedy,"Todd Solondz",1998,134,12,8.5
"2027-9-25 10:00","Trois couleurs: Blanc",Comedy,"Krzysztof Kieslowski",1994,92,0,7.0
"2027-9-24 10:30","Jûbê ninpûchô",Animation,"Yoshiaki Kawajiri",1993,94,12,7.0
"2027-9-23 14:30","Bronenosets Potemkin",Drama,"Sergei M. Eisenstein",1925,75,12,7.5
"2027-9-23 12:00","Trois couleurs: Blanc",Comedy,"Krzysztof Kieslowski",1994,92,0,7.0
"2027-9-23 10:00","Bronenosets Potemkin",Drama,"Sergei M. Eisenstein",1925,75,12,7.5
"2027-9-22 15:30","Toki o kakeru shôjo",Animation,"Mamoru Hosoda",2006,98,0,8.0
"2027-9-22 13:00","It Happened One Night",Comedy,"Frank Capra",1934,105,12,6.5
"2027-9-22 10:30","The Shop Around the Corner",Comedy,"Ernst Lubitsch",1940,99,12,6.5
"2027-9-21 10:00","The Lives of Others",Drama,"Florian Henckel von Donnersmarck",2006,137,12,6.5
"2027-9-20 15:00","Bronenosets Potemkin",Drama,"Sergei M. Eisenstein",1925,75,12,8.5
"2027-9-20 12:30","Sunrise: A Song of Two Humans",Drama,"F.W. Murnau",1927,94,12,8.5
"2027-9-20 10:00","Jûbê ninpûchô",Animation,"Yoshiaki Kawajiri",1993,94,12,7.5
"2027-9-19 17:00","Jûbê ninpûchô",Animation,"Yoshiaki Kawajiri",1993,94,12,8.5
"2027-9-19 14:30","Trois couleurs: Blanc",Comedy,"Krzysztof Kieslowski",1994,92,0,8.0
"2027-9-19 10:30","Bound by Honor",Crime,"Taylor Hackford",1993,180,16,8.5
"2027-9-18 18:30","The Shawshank Redemption",Drama,"Frank Darabont",1994,142,12,10.0
"2027-9-18 14:30","Kal Ho Naa Ho",Comedy,"Nikkhil Advani",2003,186,0,8.5
"2027-9-18 12:30","Persona",Drama,"Ingmar Bergman",1966,85,12,7.5
"2027-9-18 10:30","Persona",Drama,"Ingmar Bergman",1966,85,12,8.5
"2027-9-17 15:00","Persona",Drama,"Ingmar Bergman",1966,85,12,6.5
"2027-9-17 12:30","The King of Comedy",Comedy,"Martin Scorsese",1982,109,0,7.5
"2027-9-17 10:30","Bronenosets Potemkin",Drama,"Sergei M. Eisenstein",1925,75,12,8.5
"2027-9-16 10:00","The King of Comedy",Comedy,"Martin Scorsese",1982,109,0,7.0
"2027-9-15 16:30","The Shawshank Redemption",Drama,"Frank Darabont",1994,142,12,8.0
"2027-9-15 13:30","Falling Down",Action,"Joel Schumacher",1993,113,16,7.5
"2027-9-15 10:00","Amadeus",Biography,"Milos Forman",1984,160,16,8.0
"2027-9-14 17:00","Harry Potter and the Sorcerer's Stone",Adventure,"Chris Columbus",2001,152,0,7.0
"2027-9-14 14:00","Falling Down",Action,"Joel Schumacher",1993,113,16,8.5
"2027-9-14 10:00","Kal Ho Naa Ho",Comedy,"Nikkhil Advani",2003,186,0,8.5
"2027-9-13 10:00","Jeux d'enfants",Comedy,"Yann Samuell",2003,93,16,8.0
"2027-9-12 16:00","Memento",Mystery,"Christopher Nolan",2000,113,12,7.5
"2027-9-12 13:30","The Others",Horror,"Alejandro Amenábar",2001,101,12,7.5
"2027-9-12 10:30","The Shawshank Redemption",Drama,"Frank Darabont",1994,142,12,8.5
"2027-9-11 16:30","The Pianist",Biography,"Roman Polanski",2002,150,16,7.5
"2027-9-11 12:30","Barry Lyndon",Adventure,"Stanley Kubrick",1975,185,6,8.0
"2027-9-11 10:00","Toki o kakeru shôjo",Animation,"Mamoru Hosoda",2006,98,0,8.5
"2027-9-10 13:00","Falling Down",Action,"Joel Schumacher",1993,113,16,8.5
"2027-9-10 10:00","All That Jazz",Drama,"Bob Fosse",1979,123,12,6.5
"2027-9-9 17:30","Jûbê ninpûchô",Animation,"Yoshiaki Kawajiri",1993,94,12,7.5
"2027-9-9 13:30","Sholay",Action,"Ramesh Sippy",1975,204,0,8.5
"2027-9-9 10:30","The Treasure of the Sierra Madre",Adventure,"John Huston",1948,126,12,8.0
"2027-9-8 17:00","Sleepers",Crime,"Barry Levinson",1996,147,12,8.0
"2027-9-8 13:00","Swades: We, the People",Drama,"Ashutosh Gowariker",2004,210,0,7.0
"2027-9-8 10:30","Toki o kakeru shôjo",Animation,"Mamoru Hosoda",2006,98,0,7.0
"2027-9-7 15:30","Toki o kakeru shôjo",Animation,"Mamoru Hosoda",2006,98,0,6.5
"2027-9-7 12:30","Star Wars: Episode VI - Return of the Jedi",Action,"Richard Marquand",1983,131,0,8.0
"2027-9-7 10:00","Toki o kakeru shôjo",Animation,"Mamoru Hosoda",2006,98,0,8.5
"2027-9-6 13:00","All That Jazz",Drama,"Bob Fosse",1979,123,12,6.5
"2027-9-6 10:00","The Shawshank Redemption",Drama,"Frank Darabont",1994,142,12,8.5
"2027-9-5 21:30","Philadelphia",Drama,"Jonathan Demme",1993,125,12,10.0
"2027-9-5 18:00","The Killing Fields",Biography,"Roland Joffé",1984,141,12,9.5
"2027-9-5 14:30","My Fair Lady",Drama,"George Cukor",1964,170,0,8.0
"2027-9-5 10:30","Saving Private Ryan",Drama,"Steven Spielberg",1998,169,16,6.5
"2027-9-4 17:00","The Killing Fields",Biography,"Roland Joffé",1984,141,12,8.5
"2027-9-4 13:30","Fitzcarraldo",Adventure,"Werner Herzog",1982,158,16,8.5
"2027-9-4 10:30","All That Jazz",Drama,"Bob Fosse",1979,123,12,8.0
"2027-9-3 16:30","Shin seiki Evangelion Gekijô-ban: Air/Magokoro wo, kimi ni",Animation,"Hideaki Anno",1997,87,12,6.5
"2027-9-3 13:30","All That Jazz",Drama,"Bob Fosse",1979,123,12,6.5
"2027-9-3 10:30","The Illusionist",Drama,"Neil Burger",2006,110,0,7.0
"2027-9-2 10:30","Sholay",Action,"Ramesh Sippy",1975,204,0,8.5
"2027-9-1 10:30","The Game",Action,"David Fincher",1997,129,12,7.5
"2027-8-31 13:00","Kurenai no buta",Animation,"Hayao Miyazaki",1992,94,0,7.0
"2027-8-31 10:30","Jeux d'enfants",Comedy,"Yann Samuell",2003,93,16,7.0
"2027-8-30 10:30","The Killing Fields",Biography,"Roland Joffé",1984,141,12,7.0
"2027-8-29 20:30","Kal Ho Naa Ho",Comedy,"Nikkhil Advani",2003,186,0,10.0
"2027-8-29 17:00","Fitzcarraldo",Adventure,"Werner Herzog",1982,158,16,8.5
"2027-8-29 14:30","Le notti di Cabiria",Drama,"Federico Fellini",1957,110,12,8.0
"2027-8-29 10:00","Sholay",Action,"Ramesh Sippy",1975,204,0,8.0
"2027-8-28 16:00","My Fair Lady",Drama,"George Cukor",1964,170,0,8.5
"2027-8-28 13:30","The Illusionist",Drama,"Neil Burger",2006,110,0,8.5
"2027-8-28 10:30","Le notti di Cabiria",Drama,"Federico Fellini",1957,110,12,7.5
"2027-8-27 10:30","The Treasure of the Sierra Madre",Adventure,"John Huston",1948,126,12,7.0
"2027-8-26 17:00","Sen to Chihiro no kamikakushi",Animation,"Hayao Miyazaki",2001,125,0,7.0
"2027-8-26 14:00","Close Encounters of the Third Kind",Drama,"Steven Spielberg",1977,138,0,6.5
"2027-8-26 10:30","Saving Private Ryan",Drama,"Steven Spielberg",1998,169,16,7.5
"2027-8-25 15:30","Le notti di Cabiria",Drama,"Federico Fellini",1957,110,12,6.5
"2027-8-25 13:00","Jeux d'enfants",Comedy,"Yann Samuell",2003,93,16,7.5
"2027-8-25 10:30","The Sixth Sense",Drama,"M. Night Shyamalan",1999,107,12,8.0
"2027-8-24 13:00","The Treasure of the Sierra Madre",Adventure,"John Huston",1948,126,12,6.5
"2027-8-24 10:30","Zelig",Comedy,"Woody Allen",1983,79,6,7.5
"2027-8-23 13:00","Gone with the Wind",Drama,"Victor Fleming",1939,238,0,6.5
"2027-8-23 10:00","Lat sau san taam",Action,"John Woo",1992,128,16,6.5
"2027-8-22 16:30","Sholay",Action,"Ramesh Sippy",1975,204,0,8.0
"2027-8-22 14:00","The Others",Horror,"Alejandro Amenábar",2001,101,12,7.5
"2027-8-22 10:00","Kal Ho Naa Ho",Comedy,"Nikkhil Advani",2003,186,0,8.5
"2027-8-21 16:00","Swades: We, the People",Drama,"Ashutosh Gowariker",2004,210,0,8.5
"2027-8-21 13:00","All That Jazz",Drama,"Bob Fosse",1979,123,12,6.5
"2027-8-21 10:00","All That Jazz",Drama,"Bob Fosse",1979,123,12,7.5
"2027-8-20 10:00","Jeux d'enfants",Comedy,"Yann Samuell",2003,93,16,6.5
"2027-8-19 10:00","Amadeus",Biography,"Milos Forman",1984,160,16,7.0
"2027-8-18 10:00","Sholay",Action,"Ramesh Sippy",1975,204,0,7.5
"2027-8-17 15:30","Der Name der Rose",Crime,"Jean-Jacques Annaud",1986,130,16,8.5
"2027-8-17 13:00","Toki o kakeru shôjo",Animation,"Mamoru Hosoda",2006,98,0,8.5
"2027-8-17 10:00","The Treasure of the Sierra Madre",Adventure,"John Huston",1948,126,12,8.5
"2027-8-16 13:30","Jeux d'enfants",Comedy,"Yann Samuell",2003,93,16,7.0
"2027-8-16 10:30","Aliens",Action,"James Cameron",1986,137,0,6.5
"2027-8-15 18:00","The Killing Fields",Biography,"Roland Joffé",1984,141,12,9.0
"2027-8-15 15:00","8½",Drama,"Federico Fellini",1963,138,12,8.5
"2027-8-15 10:30","Sholay",Action,"Ramesh Sippy",1975,204,0,6.5
"2027-8-14 16:30","Indiana Jones and the Last Crusade",Action,"Steven Spielberg",1989,127,0,6.5
"2027-8-14 13:00","Fitzcarraldo",Adventure,"Werner Herzog",1982,158,16,8.5
"2027-8-14 10:00","Planet of the Apes",Adventure,"Franklin J. Schaffner",1968,112,0,8.0
"2027-8-13 10:30","Fitzcarraldo",Adventure,"Werner Herzog",1982,158,16,6.5
"2027-8-12 10:30","Gone with the Wind",Drama,"Victor Fleming",1939,238,0,7.5
"2027-8-11 16:00","Sholay",Action,"Ramesh Sippy",1975,204,0,6.5
"2027-8-11 13:00","Lat sau san taam",Action,"John Woo",1992,128,16,7.5
"2027-8-11 10:00","Casino Royale",Action,"Martin Campbell",2006,144,12,8.0
"2027-8-10 15:30","Indiana Jones and the Last Crusade",Action,"Steven Spielberg",1989,127,0,7.0
"2027-8-10 12:30","Lat sau san taam",Action,"John Woo",1992,128,16,8.5
"2027-8-10 10:30","Once",Drama,"John Carney",2007,86,16,7.0
"2027-8-9 16:30","Planet of the Apes",Adventure,"Franklin J. Schaffner",1968,112,0,6.5
"2027-8-9 14:00","Once",Drama,"John Carney",2007,86,16,7.5
"2027-8-9 10:00","Barry Lyndon",Adventure,"Stanley Kubrick",1975,185,6,8.0
"2027-8-8 19:30","The Others",Horror,"Alejandro Amenábar",2001,101,12,10.0
"2027-8-8 16:00","Saving Private Ryan",Drama,"Steven Spielberg",1998,169,16,8.5
"2027-8-8 13:00","Sen to Chihiro no kamikakushi",Animation,"Hayao Miyazaki",2001,125,0,7.5
"2027-8-8 10:00","The Treasure of the Sierra Madre",Adventure,"John Huston",1948,126,12,7.5
"2027-8-7 19:30","The Gold Rush",Adventure,"Charles Chaplin",1925,95,12,8.5
"2027-8-7 17:00","Do lok tin si",Comedy,"Kar-Wai Wong",1995,99,12,8.5
"2027-8-7 13:30","Fitzcarraldo",Adventure,"Werner Herzog",1982,158,16,7.5
"2027-8-7 10:00","Kakushi-toride no san-akunin",Adventure,"Akira Kurosawa",1958,139,12,6.5
"2027-8-6 13:00","Barry Lyndon",Adventure,"Stanley Kubrick",1975,185,6,8.0
"2027-8-6 10:00","Sen to Chihiro no kamikakushi",Animation,"Hayao Miyazaki",2001,125,0,7.5
"2027-8-5 10:30","Aliens",Action,"James Cameron",1986,137,0,7.0
"2027-8-4 15:30","The Shawshank Redemption",Drama,"Frank Darabont",1994,142,12,8.0
"2027-8-4 13:00","The Gold Rush",Adventure,"Charles Chaplin",1925,95,12,7.0
"2027-8-4 10:00","Sen to Chihiro no kamikakushi",Animation,"Hayao Miyazaki",2001,125,0,7.5
"2027-8-3 16:30","Aliens",Action,"James Cameron",1986,137,0,8.0
"2027-8-3 13:30","The Killing Fields",Biography,"Roland Joffé",1984,141,12,6.5
"2027-8-3 10:30","Indiana Jones and the Last Crusade",Action,"Steven Spielberg",1989,127,0,7.0
"2027-8-2 10:30","The Muppet Movie",Adventure,"James Frawley",1979,95,0,8.0
"2027-8-1 18:00","Swades: We, the People",Drama,"Ashutosh Gowariker",2004,210,0,9.0
"2027-8-1 15:00","The Game",Action,"David Fincher",1997,129,12,7.0
"2027-8-1 10:00","Gone with the Wind",Drama,"Victor Fleming",1939,238,0,7.5
"2027-7-31 19:30","The Game",Action,"David Fincher",1997,129,12,9.0
"2027-7-31 16:30","The Game",Action,"David Fincher",1997,129,12,8.0
"2027-7-31 13:00","Fitzcarraldo",Adventure,"Werner Herzog",1982,158,16,7.0
"2027-7-31 10:30","Finding Neverland",Biography,"Marc Forster",2004,106,0,8.5
"2027-7-30 16:00","Aliens",Action,"James Cameron",1986,137,0,8.0
"2027-7-30 13:00","Interstate 60: Episodes of the Road",Adventure,"Bob Gale",2002,116,16,7.5
"2027-7-30 10:00","Control",Biography,"Anton Corbijn",2007,122,16,8.5
"2027-7-29 10:30","The Illusionist",Drama,"Neil Burger",2006,110,0,6.5
"2027-7-28 16:00","Star Wars: Episode VI - Return of the Jedi",Action,"Richard Marquand",1983,131,0,7.5
"2027-7-28 13:00","Interstate 60: Episodes of the Road",Adventure,"Bob Gale",2002,116,16,7.5
"2027-7-28 10:30","Finding Neverland",Biography,"Marc Forster",2004,106,0,7.5
"2027-7-27 10:00","Star Wars: Episode VI - Return of the Jedi",Action,"Richard Marquand",1983,131,0,8.0
"2027-7-26 10:30","Philadelphia",Drama,"Jonathan Demme",1993,125,12,6.5
"2027-7-25 19:30","Le locataire",Drama,"Roman Polanski",1976,126,16,8.5
"2027-7-25 16:30","Interstate 60: Episodes of the Road",Adventure,"Bob Gale",2002,116,16,8.0
"2027-7-25 13:30","The Game",Action,"David Fincher",1997,129,12,8.5
"2027-7-25 10:30","The Shawshank Redemption",Drama,"Frank Darabont",1994,142,12,7.5
"2027-7-24 19:00","Kakushi-toride no san-akunin",Adventure,"Akira Kurosawa",1958,139,12,10.0
"2027-7-24 16:00","The Bridges of Madison County",Drama,"Clint Eastwood",1995,135,12,8.0
"2027-7-24 13:00","Kakushi-toride no san-akunin",Adventure,"Akira Kurosawa",1958,139,12,8.5
"2027-7-24 10:00","Le locataire",Drama,"Roman Polanski",1976,126,16,8.5
"2027-7-23 14:30","The Birds",Drama,"Alfred Hitchcock",1963,119,12,7.0
"2027-7-23 12:30","Zelig",Comedy,"Woody Allen",1983,79,6,8.0
"2027-7-23 10:00","Toy Story 2",Animation,"John Lasseter",1999,92,0,8.0
"2027-7-22 10:00","Batman Begins",Action,"Christopher Nolan",2005,140,12,8.5
"2027-7-21 16:30","The Birds",Drama,"Alfred Hitchcock",1963,119,12,7.0
"2027-7-21 13:30","Interstate 60: Episodes of the Road",Adventure,"Bob Gale",2002,116,16,7.5
"2027-7-21 10:30","The Game",Action,"David Fincher",1997,129,12,8.5
"2027-7-20 15:30","Stand by Me",Adventure,"Rob Reiner",1986,89,0,6.5
"2027-7-20 12:30","Close Encounters of the Third Kind",Drama,"Steven Spielberg",1977,138,0,7.5
"2027-7-20 10:00","Finding Nemo",Animation,"Andrew Stanton",2003,100,0,8.0
"2027-7-19 13:00","Zelig",Comedy,"Woody Allen",1983,79,6,7.5
"2027-7-19 10:00","Ed Wood",Biography,"Tim Burton",1994,127,0,8.5
"2027-7-18 17:00","Zelig",Comedy,"Woody Allen",1983,79,6,7.5
"2027-7-18 14:00","Rio Bravo",Action,"Howard Hawks",1959,141,12,8.0
"2027-7-18 10:00","Barry Lyndon",Adventure,"Stanley Kubrick",1975,185,6,6.5
"2027-7-17 19:00","Planet of the Apes",Adventure,"Franklin J. Schaffner",1968,112,0,10.0
"2027-7-17 16:00","The Shawshank Redemption",Drama,"Frank Darabont",1994,142,12,8.5
"2027-7-17 13:00","Casino Royale",Action,"Martin Campbell",2006,144,12,7.5
"2027-7-17 10:00","Le locataire",Drama,"Roman Polanski",1976,126,16,6.5
"2027-7-16 10:30","Blazing Saddles",Comedy,"Mel Brooks",1974,93,12,6.5
"2027-7-15 12:30","Rocky",Drama,"John G. Avildsen",1976,120,0,7.5
"2027-7-15 10:00","Do lok tin si",Comedy,"Kar-Wai Wong",1995,99,12,8.5
"2027-7-14 10:30","Control",Biography,"Anton Corbijn",2007,122,16,8.0
"2027-7-13 10:00","The Great Dictator",Comedy,"Charles Chaplin",1940,125,12,8.5
"2027-7-12 13:00","Ladri di biciclette",Drama,"Vittorio De Sica",1948,89,12,8.5
"2027-7-12 10:00","Close Encounters of the Third Kind",Drama,"Steven Spielberg",1977,138,0,8.0
"2027-7-11 18:30","The Great Dictator",Comedy,"Charles Chaplin",1940,125,12,10.0
"2027-7-11 16:00","Det sjunde inseglet",Drama,"Ingmar Bergman",1957,96,12,7.5
"2027-7-11 13:00","Rio Bravo",Action,"Howard Hawks",1959,141,12,8.5
"2027-7-11 10:30","Lock, Stock and Two Smoking Barrels",Action,"Guy Ritchie",1998,107,12,7.0
"2027-7-10 19:00","The Birds",Drama,"Alfred Hitchcock",1963,119,12,9.5
"2027-7-10 16:00","Fantasia",Animation,"James Algar",1940,125,0,8.0
"2027-7-10 13:00","Interstate 60: Episodes of the Road",Adventure,"Bob Gale",2002,116,16,7.0
"2027-7-10 10:00","Happiness",Comedy,"Todd Solondz",1998,134,12,8.0
"2027-7-9 16:30","Who's Afraid of Virginia Woolf?",Drama,"Mike Nichols",1966,131,12,8.0
"2027-7-9 13:30","Ikiru",Drama,"Akira Kurosawa",1952,143,12,8.5
"2027-7-9 10:00","Once Upon a Time in the West",Western,"Sergio Leone",1968,165,0,8.0
"2027-7-8 13:30","Gone with the Wind",Drama,"Victor Fleming",1939,238,0,7.0
"2027-7-8 10:30","Casino Royale",Action,"Martin Campbell",2006,144,12,7.5
"2027-7-7 16:00","Interstate 60: Episodes of the Road",Adventure,"Bob Gale",2002,116,16,6.5
"2027-7-7 13:00","The Birds",Drama,"Alfred Hitchcock",1963,119,12,7.0
"2027-7-7 10:00","The Bridges of Madison County",Drama,"Clint Eastwood",1995,135,12,8.0
"2027-7-6 10:00","Happiness",Comedy,"Todd Solondz",1998,134,12,8.5
"2027-7-5 13:30","American Gangster",Biography,"Ridley Scott",2007,157,12,8.0
"2027-7-5 10:30","Fantasia",Animation,"James Algar",1940,125,0,7.0
"2027-7-4 18:00","Match Point",Drama,"Woody Allen",2005,124,16,10.0
"2027-7-4 15:00","The Illusionist",Drama,"Neil Burger",2006,110,0,7.5
"2027-7-4 10:00","Gone with the Wind",Drama,"Victor Fleming",1939,238,0,7.0
"2027-7-3 19:00","Toy Story 2",Animation,"John Lasseter",1999,92,0,8.5
"2027-7-3 16:30","Stand by Me",Adventure,"Rob Reiner",1986,89,0,6.5
"2027-7-3 13:00","Once Upon a Time in the West",Western,"Sergio Leone",1968,165,0,8.5
"2027-7-3 10:00","Batman Begins",Action,"Christopher Nolan",2005,140,12,8.5
"2027-7-2 13:30","Serenity",Action,"Joss Whedon",2005,119,12,8.5
"2027-7-2 10:30","Match Point",Drama,"Woody Allen",2005,124,16,6.5
"2027-7-1 10:00","Rocky",Drama,"John G. Avildsen",1976,120,0,8.5
"2027-6-30 13:00","The Muppet Movie",Adventure,"James Frawley",1979,95,0,6.5
"2027-6-30 10:30","Gongdong gyeongbi guyeok JSA",Action,"Chan-wook Park",2000,110,12,8.5
"2027-6-29 13:00","The Illusionist",Drama,"Neil Burger",2006,110,0,8.5
"2027-6-29 10:00","The Killing Fields",Biography,"Roland Joffé",1984,141,12,8.5
"2027-6-28 16:00","The Muppet Christmas Carol",Comedy,"Brian Henson",1992,85,0,8.0
"2027-6-28 13:00","Sleepers",Crime,"Barry Levinson",1996,147,12,7.0
"2027-6-28 10:30","Hedwig and the Angry Inch",Comedy,"John Cameron Mitchell",2001,95,16,7.5
"2027-6-27 18:30","La montaña sagrada",Adventure,"Alejandro Jodorowsky",1973,114,16,10.0
"2027-6-27 15:00","American Gangster",Biography,"Ridley Scott",2007,157,12,6.5
"2027-6-27 12:00","The Great Dictator",Comedy,"Charles Chaplin",1940,125,12,8.5
"2027-6-27 10:00","Stand by Me",Adventure,"Rob Reiner",1986,89,0,6.5
"2027-6-26 19:30","The Great Dictator",Comedy,"Charles Chaplin",1940,125,12,8.5
"2027-6-26 16:30","Fantasia",Animation,"James Algar",1940,125,0,8.0
"2027-6-26 13:00","Once Upon a Time in the West",Western,"Sergio Leone",1968,165,0,8.0
"2027-6-26 10:00","Who's Afraid of Virginia Woolf?",Drama,"Mike Nichols",1966,131,12,7.0
"2027-6-25 10:30","Gongdong gyeongbi guyeok JSA",Action,"Chan-wook Park",2000,110,12,7.5
"2027-6-24 10:00","The Illusionist",Drama,"Neil Burger",2006,110,0,7.5
"2027-6-23 13:30","The Incredibles",Animation,"Brad Bird",2004,115,0,7.0
"2027-6-23 10:30","Match Point",Drama,"Woody Allen",2005,124,16,7.0
"2027-6-22 10:30","Enemy at the Gates",Drama,"Jean-Jacques Annaud",2001,131,12,6.5
"2027-6-21 13:00","Ladri di biciclette",Drama,"Vittorio De Sica",1948,89,12,7.5
"2027-6-21 10:30","Blazing Saddles",Comedy,"Mel Brooks",1974,93,12,7.0
"2027-6-20 18:30","Twelve Monkeys",Mystery,"Terry Gilliam",1995,129,12,10.0
"2027-6-20 15:30","Kakushi-toride no san-akunin",Adventure,"Akira Kurosawa",1958,139,12,6.5
"2027-6-20 13:00","Det sjunde inseglet",Drama,"Ingmar Bergman",1957,96,12,6.5
"2027-6-20 10:00","Ed Wood",Biography,"Tim Burton",1994,127,0,7.5
"2027-6-19 18:00","Lost in Translation",Comedy,"Sofia Coppola",2003,102,12,9.5
"2027-6-19 15:30","Hedwig and the Angry Inch",Comedy,"John Cameron Mitchell",2001,95,16,7.0
"2027-6-19 12:30","Happiness",Comedy,"Todd Solondz",1998,134,12,7.0
"2027-6-19 10:00","Blazing Saddles",Comedy,"Mel Brooks",1974,93,12,7.0
"2027-6-18 16:30","Happiness",Comedy,"Todd Solondz",1998,134,12,7.5
"2027-6-18 13:30","Rio Bravo",Action,"Howard Hawks",1959,141,12,7.5
"2027-6-18 10:30","The Great Dictator",Comedy,"Charles Chaplin",1940,125,12,7.5
"2027-6-17 14:00","Gattaca",Drama,"Andrew Niccol",1997,106,12,7.5
"2027-6-17 10:30","Munna Bhai M.B.B.S.",Comedy,"Rajkumar Hirani",2003,156,0,7.0
"2027-6-16 10:30","Lost in Translation",Comedy,"Sofia Coppola",2003,102,12,8.0
"2027-6-15 16:30","Tombstone",Action,"George P. Cosmatos",1993,130,16,7.0
"2027-6-15 12:30","The Thin Red Line",Drama,"Terrence Malick",1998,170,12,7.0
"2027-6-15 10:00","The Illusionist",Drama,"Neil Burger",2006,110,0,7.0
"2027-6-14 16:00","The Muppet Christmas Carol",Comedy,"Brian Henson",1992,85,0,7.0
"2027-6-14 13:00","The Incredibles",Animation,"Brad Bird",2004,115,0,7.5
"2027-6-14 10:00","Match Point",Drama,"Woody Allen",2005,124,16,6.5
"2027-6-13 16:30","Munna Bhai M.B.B.S.",Comedy,"Rajkumar Hirani",2003,156,0,7.5
"2027-6-13 14:00","The Muppet Christmas Carol",Comedy,"Brian Henson",1992,85,0,8.5
"2027-6-13 10:00","The Thin Red Line",Drama,"Terrence Malick",1998,170,12,8.5
"2027-6-12 18:00","The Illusionist",Drama,"Neil Burger",2006,110,0,9.5
"2027-6-12 15:30","Lock, Stock and Two Smoking Barrels",Action,"Guy Ritchie",1998,107,12,8.5
"2027-6-12 13:00","Gattaca",Drama,"Andrew Niccol",1997,106,12,8.0
"2027-6-12 10:00","Rocky",Drama,"John G. Avildsen",1976,120,0,8.5
"2027-6-11 10:30","Enemy at the Gates",Drama,"Jean-Jacques Annaud",2001,131,12,8.5
"2027-6-10 10:30","Match Point",Drama,"Woody Allen",2005,124,16,7.0
"2027-6-9 16:00","The Killing Fields",Biography,"Roland Joffé",1984,141,12,7.5
"2027-6-9 13:00","Enemy at the Gates",Drama,"Jean-Jacques Annaud",2001,131,12,7.5
"2027-6-9 10:30","Gattaca",Drama,"Andrew Niccol",1997,106,12,7.5
"2027-6-8 15:30","La montaña sagrada",Adventure,"Alejandro Jodorowsky",1973,114,16,8.0
"2027-6-8 13:00","Lost in Translation",Comedy,"Sofia Coppola",2003,102,12,7.0
"2027-6-8 10:00","Happiness",Comedy,"Todd Solondz",1998,134,12,7.5
"2027-6-7 16:00","La montaña sagrada",Adventure,"Alejandro Jodorowsky",1973,114,16,7.5
"2027-6-7 13:00","The Bridges of Madison County",Drama,"Clint Eastwood",1995,135,12,6.5
"2027-6-7 10:00","Happiness",Comedy,"Todd Solondz",1998,134,12,8.0
"2027-6-6 15:30","La haine",Crime,"Mathieu Kassovitz",1995,98,12,8.0
"2027-6-6 12:30","Who's Afraid of Virginia Woolf?",Drama,"Mike Nichols",1966,131,12,7.0
"2027-6-6 10:00","Hedwig and the Angry Inch",Comedy,"John Cameron Mitchell",2001,95,16,8.0
"2027-6-5 15:00","King Kong",Adventure,"Merian C. Cooper",1933,100,12,7.0
"2027-6-5 12:30","Dazed and Confused",Comedy,"Richard Linklater",1993,102,0,6.5
"2027-6-5 10:30","Stand by Me",Adventure,"Rob Reiner",1986,89,0,7.0
"2027-6-4 16:00","The Thin Red Line",Drama,"Terrence Malick",1998,170,12,7.5
"2027-6-4 13:00","Escape from Alcatraz",Action,"Don Siegel",1979,112,12,7.5
"2027-6-4 10:00","The Elephant Man",Biography,"David Lynch",1980,124,12,8.5
"2027-6-3 13:00","Happiness",Comedy,"Todd Solondz",1998,134,12,6.5
"2027-6-3 10:30","Det sjunde inseglet",Drama,"Ingmar Bergman",1957,96,12,8.5
"2027-6-2 16:30","Ikiru",Drama,"Akira Kurosawa",1952,143,12,6.5
"2027-6-2 14:00","Dazed and Confused",Comedy,"Richard Linklater",1993,102,0,6.5
"2027-6-2 10:30","The Thin Red Line",Drama,"Terrence Malick",1998,170,12,7.5
"2027-6-1 16:00","Ikiru",Drama,"Akira Kurosawa",1952,143,12,8.5
"2027-6-1 13:30","The Muppet Christmas Carol",Comedy,"Brian Henson",1992,85,0,7.0
"2027-6-1 10:00","Sleepers",Crime,"Barry Levinson",1996,147,12,6.5
"2027-5-31 13:00","Twelve Monkeys",Mystery,"Terry Gilliam",1995,129,12,6.5
"2027-5-31 10:00","Tropa de Elite",Action,"José Padilha",2007,115,16,7.5
"2027-5-30 16:00","Tropa de Elite",Action,"José Padilha",2007,115,16,8.0
"2027-5-30 13:30","First Blood",Action,"Ted Kotcheff",1982,93,12,8.0
"2027-5-30 10:30","Happiness",Comedy,"Todd Solondz",1998,134,12,7.0
"2027-5-29 18:30","North by Northwest",Adventure,"Alfred Hitchcock",1959,136,0,8.5
"2027-5-29 16:00","Lost in Translation",Comedy,"Sofia Coppola",2003,102,12,8.5
"2027-5-29 12:30","Munna Bhai M.B.B.S.",Comedy,"Rajkumar Hirani",2003,156,0,8.5
"2027-5-29 10:00","Gongdong gyeongbi guyeok JSA",Action,"Chan-wook Park",2000,110,12,8.5
"2027-5-28 13:00","Dazed and Confused",Comedy,"Richard Linklater",1993,102,0,8.5
"2027-5-28 10:30","Hedwig and the Angry Inch",Comedy,"John Cameron Mitchell",2001,95,16,7.0
"2027-5-27 12:30","Badlands",Action,"Terrence Malick",1973,94,6,6.5
"2027-5-27 10:00","Badlands",Action,"Terrence Malick",1973,94,6,8.5
"2027-5-26 13:00","Mystic River",Crime,"Clint Eastwood",2003,138,12,7.0
"2027-5-26 10:30","Le scaphandre et le papillon",Biography,"Julian Schnabel",2007,112,12,7.0
"2027-5-25 10:00","Kakushi-toride no san-akunin",Adventure,"Akira Kurosawa",1958,139,12,7.0
"2027-5-24 10:30","Who's Afraid of Virginia Woolf?",Drama,"Mike Nichols",1966,131,12,7.0
"2027-5-23 17:30","Heat",Crime,"Michael Mann",1995,170,12,7.0
"2027-5-23 14:00","The Last Samurai",Action,"Edward Zwick",2003,154,12,8.0
"2027-5-23 10:30","Cast Away",Adventure,"Robert Zemeckis",2000,143,12,6.5
"2027-5-22 16:30","First Blood",Action,"Ted Kotcheff",1982,93,12,7.0
"2027-5-22 13:00","Mystic River",Crime,"Clint Eastwood",2003,138,12,6.5
"2027-5-22 10:30","Snatch",Comedy,"Guy Ritchie",2000,104,12,7.0
"2027-5-21 12:30","Dazed and Confused",Comedy,"Richard Linklater",1993,102,0,6.5
"2027-5-21 10:00","Sunset Blvd.",Drama,"Billy Wilder",1950,110,12,8.0
"2027-5-20 15:30","Tombstone",Action,"George P. Cosmatos",1993,130,16,6.5
"2027-5-20 13:00","Tropa de Elite",Action,"José Padilha",2007,115,16,7.0
"2027-5-20 10:30","Dazed and Confused",Comedy,"Richard Linklater",1993,102,0,7.0
"2027-5-19 10:00","Braveheart",Biography,"Mel Gibson",1995,178,12,6.5
"2027-5-18 15:00","Gattaca",Drama,"Andrew Niccol",1997,106,12,8.5
"2027-5-18 12:30","Snatch",Comedy,"Guy Ritchie",2000,104,12,8.5
"2027-5-18 10:00","Badlands",Action,"Terrence Malick",1973,94,6,7.0
"2027-5-17 14:00","Brief Encounter",Drama,"David Lean",1945,86,0,7.5
"2027-5-17 10:00","The Lord of the Rings: The Two Towers",Action,"Peter Jackson",2002,179,12,8.0
"2027-5-16 18:30","First Blood",Action,"Ted Kotcheff",1982,93,12,8.5
"2027-5-16 16:00","King Kong",Adventure,"Merian C. Cooper",1933,100,12,7.5
"2027-5-16 13:00","All the President's Men",Biography,"Alan J. Pakula",1976,138,0,6.5
"2027-5-16 10:30","King Kong",Adventure,"Merian C. Cooper",1933,100,12,8.5
"2027-5-15 19:30","Tropa de Elite",Action,"José Padilha",2007,115,16,9.5
"2027-5-15 16:00","Heat",Crime,"Michael Mann",1995,170,12,8.5
"2027-5-15 13:30","La haine",Crime,"Mathieu Kassovitz",1995,98,12,8.0
"2027-5-15 10:00","Cast Away",Adventure,"Robert Zemeckis",2000,143,12,7.0
"2027-5-14 10:00","Twelve Monkeys",Mystery,"Terry Gilliam",1995,129,12,7.5
"2027-5-13 10:30","Mystic River",Crime,"Clint Eastwood",2003,138,12,6.5
"2027-5-12 10:00","All the President's Men",Biography,"Alan J. Pakula",1976,138,0,8.5
"2027-5-11 12:30","Rain Man",Drama,"Barry Levinson",1988,133,0,8.0
"2027-5-11 10:00","Fa yeung nin wah",Drama,"Kar-Wai Wong",2000,98,0,7.0
"2027-5-10 12:30","Dom za vesanje",Comedy,"Emir Kusturica",1988,142,16,6.5
"2027-5-10 10:00","First Blood",Action,"Ted Kotcheff",1982,93,12,8.0
"2027-5-9 20:00","Brief Encounter",Drama,"David Lean",1945,86,0,9.5
"2027-5-9 17:30","Dark City",Mystery,"Alex Proyas",1998,100,12,8.0
"2027-5-9 14:30","Dom za vesanje",Comedy,"Emir Kusturica",1988,142,16,7.5
"2027-5-9 10:30","Gandhi",Biography,"Richard Attenborough",1982,191,0,7.5
"2027-5-8 16:30","First Blood",Action,"Ted Kotcheff",1982,93,12,7.5
"2027-5-8 13:30","Vertigo",Mystery,"Alfred Hitchcock",1958,128,12,8.5
"2027-5-8 10:30","A Streetcar Named Desire",Drama,"Elia Kazan",1951,122,12,8.0
"2027-5-7 12:30","King Kong",Adventure,"Merian C. Cooper",1933,100,12,8.0
"2027-5-7 10:00","Escape from Alcatraz",Action,"Don Siegel",1979,112,12,6.5
"2027-5-6 16:00","Kakushi-toride no san-akunin",Adventure,"Akira Kurosawa",1958,139,12,8.5
"2027-5-6 13:00","Cabaret",Drama,"Bob Fosse",1972,124,12,8.0
"2027-5-6 10:00","The Great Dictator",Comedy,"Charles Chaplin",1940,125,12,8.5
"2027-5-5 10:00","Kakushi-toride no san-akunin",Adventure,"Akira Kurosawa",1958,139,12,8.5
"2027-5-4 10:30","Gandhi",Biography,"Richard Attenborough",1982,191,0,6.5
"2027-5-3 10:00","Jûbê ninpûchô",Animation,"Yoshiaki Kawajiri",1993,94,12,6.5
"2027-5-2 21:00","Badlands",Action,"Terrence Malick",1973,94,6,8.5
"2027-5-2 17:00","Gandhi",Biography,"Richard Attenborough",1982,191,0,6.5
"2027-5-2 13:00","Heat",Crime,"Michael Mann",1995,170,12,7.0
"2027-5-2 10:00","Seppuku",Action,"Masaki Kobayashi",1962,133,12,7.5
"2027-5-1 16:00","Snatch",Comedy,"Guy Ritchie",2000,104,12,7.5
"2027-5-1 13:30","La haine",Crime,"Mathieu Kassovitz",1995,98,12,6.5
"2027-5-1 10:00","Heat",Crime,"Michael Mann",1995,170,12,7.0
"2027-4-30 14:00","The Red Shoes",Drama,"Michael Powell",1948,135,12,8.5
"2027-4-30 10:00","The Right Stuff",Adventure,"Philip Kaufman",1983,193,6,7.5
"2027-4-29 14:30","Cast Away",Adventure,"Robert Zemeckis",2000,143,12,8.0
"2027-4-29 10:30","The Lord of the Rings: The Two Towers",Action,"Peter Jackson",2002,179,12,7.0
"2027-4-28 15:30","Duck Soup",Comedy,"Leo McCarey",1933,69,12,8.5
"2027-4-28 12:30","Cabaret",Drama,"Bob Fosse",1972,124,12,7.5
"2027-4-28 10:00","The Night of the Hunter",Crime,"Charles Laughton",1955,92,12,8.0
"2027-4-27 15:30","Dom za vesanje",Comedy,"Emir Kusturica",1988,142,16,7.5
"2027-4-27 13:00","Jûbê ninpûchô",Animation,"Yoshiaki Kawajiri",1993,94,12,7.5
"2027-4-27 10:30","Cowboy Bebop: Tengoku no tobira",Animation,"Shin'ichirô Watanabe",2001,115,0,6.5
"2027-4-26 15:00","Dà hóng denglong gaogao guà",Drama,"Yimou Zhang",1991,125,6,8.0
"2027-4-26 12:00","Escape from Alcatraz",Action,"Don Siegel",1979,112,12,8.5
"2027-4-26 10:00","Brief Encounter",Drama,"David Lean",1945,86,0,7.5
"2027-4-25 17:00","In a Lonely Place",Drama,"Nicholas Ray",1950,94,12,7.5
"2027-4-25 13:00","The Right Stuff",Adventure,"Philip Kaufman",1983,193,6,8.5
"2027-4-25 10:00","Kakushi-toride no san-akunin",Adventure,"Akira Kurosawa",1958,139,12,8.0
"2027-4-24 17:00","Million Dollar Baby",Drama,"Clint Eastwood",2004,132,12,8.0
"2027-4-24 14:00","Cowboy Bebop: Tengoku no tobira",Animation,"Shin'ichirô Watanabe",2001,115,0,8.5
"2027-4-24 10:00","La dolce vita",Comedy,"Federico Fellini",1960,174,12,8.0
"2027-4-23 15:30","The Lord of the Rings: The Two Towers",Action,"Peter Jackson",2002,179,12,7.0
"2027-4-23 13:00","Jûbê ninpûchô",Animation,"Yoshiaki Kawajiri",1993,94,12,8.5
"2027-4-23 10:30","In a Lonely Place",Drama,"Nicholas Ray",1950,94,12,8.0
"2027-4-22 10:30","Fa yeung nin wah",Drama,"Kar-Wai Wong",2000,98,0,6.5
"2027-4-21 10:30","Mystic River",Crime,"Clint Eastwood",2003,138,12,8.0
"2027-4-20 10:00","The Great Dictator",Comedy,"Charles Chaplin",1940,125,12,7.5
"2027-4-19 10:30","The Color Purple",Drama,"Steven Spielberg",1985,154,0,6.5
"2027-4-18 18:00","October Sky",Biography,"Joe Johnston",1999,108,6,10.0
"2027-4-18 15:30","In a Lonely Place",Drama,"Nicholas Ray",1950,94,12,8.0
"2027-4-18 13:00","Fa yeung nin wah",Drama,"Kar-Wai Wong",2000,98,0,8.5
"2027-4-18 10:30","Willy Wonka & the Chocolate Factory",Family,"Mel Stuart",1971,100,0,8.5
"2027-4-17 19:00","The Night of the Hunter",Crime,"Charles Laughton",1955,92,12,10.0
"2027-4-17 16:30","La haine",Crime,"Mathieu Kassovitz",1995,98,12,8.0
"2027-4-17 13:30","The Man Who Shot Liberty Valance",Drama,"John Ford",1962,123,12,7.5
"2027-4-17 10:30","Close Encounters of the Third Kind",Drama,"Steven Spielberg",1977,138,0,8.5
"2027-4-16 15:00","The Lord of the Rings: The Two Towers",Action,"Peter Jackson",2002,179,12,8.0
"2027-4-16 13:00","Brief Encounter",Drama,"David Lean",1945,86,0,7.0
"2027-4-16 10:00","Seppuku",Action,"Masaki Kobayashi",1962,133,12,6.5
"2027-4-15 15:30","The Last Samurai",Action,"Edward Zwick",2003,154,12,8.5
"2027-4-15 13:00","The Night of the Hunter",Crime,"Charles Laughton",1955,92,12,7.0
"2027-4-15 10:00","Mystic River",Crime,"Clint Eastwood",2003,138,12,8.5
"2027-4-14 13:00","October Sky",Biography,"Joe Johnston",1999,108,6,6.5
"2027-4-14 10:00","Cabaret",Drama,"Bob Fosse",1972,124,12,7.5
"2027-4-13 13:00","Lagaan: Once Upon a Time in India",Adventure,"Ashutosh Gowariker",2001,224,0,8.5
"2027-4-13 10:30","The Night of the Hunter",Crime,"Charles Laughton",1955,92,12,7.5
"2027-4-12 14:00","Willy Wonka & the Chocolate Factory",Family,"Mel Stuart",1971,100,0,8.5
"2027-4-12 10:30","The Last Samurai",Action,"Edward Zwick",2003,154,12,6.5
"2027-4-11 19:30","The Night of the Hunter",Crime,"Charles Laughton",1955,92,12,8.5
"2027-4-11 16:00","Kill Bill: Vol. 2",Action,"Quentin Tarantino",2004,137,12,6.5
"2027-4-11 13:00","Seppuku",Action,"Masaki Kobayashi",1962,133,12,7.5
"2027-4-11 10:00","La battaglia di Algeri",Drama,"Gillo Pontecorvo",1966,121,12,8.5
"2027-4-10 17:30","Persepolis",Animation,"Vincent Paronnaud",2007,96,12,8.5
"2027-4-10 14:30","Star Wars",Action,"George Lucas",1977,121,12,8.0
"2027-4-10 10:00","Lagaan: Once Upon a Time in India",Adventure,"Ashutosh Gowariker",2001,224,0,8.5
"2027-4-9 13:30","No Country for Old Men",Crime,"Ethan Coen",2007,122,16,6.5
"2027-4-9 10:30","Escape from Alcatraz",Action,"Don Siegel",1979,112,12,8.5
"2027-4-8 13:30","The Lord of the Rings: The Fellowship of the Ring",Action,"Peter Jackson",2001,178,0,8.5
"2027-4-8 10:00","The Lord of the Rings: The Fellowship of the Ring",Action,"Peter Jackson",2001,178,0,8.5
"2027-4-7 13:00","Dark City",Mystery,"Alex Proyas",1998,100,12,7.0
"2027-4-7 10:00","The Man Who Shot Liberty Valance",Drama,"John Ford",1962,123,12,8.0
"2027-4-6 10:00","October Sky",Biography,"Joe Johnston",1999,108,6,6.5
"2027-4-5 10:00","October Sky",Biography,"Joe Johnston",1999,108,6,7.0
"2027-4-4 19:00","Escape from Alcatraz",Action,"Don Siegel",1979,112,12,10.0
"2027-4-4 16:00","The Great Dictator",Comedy,"Charles Chaplin",1940,125,12,8.5
"2027-4-4 13:00","Star Wars",Action,"George Lucas",1977,121,12,6.5
"2027-4-4 10:00","Kill Bill: Vol. 2",Action,"Quentin Tarantino",2004,137,12,7.5
"2027-4-3 15:00","The Man Who Shot Liberty Valance",Drama,"John Ford",1962,123,12,8.5
"2027-4-3 12:30","Persepolis",Animation,"Vincent Paronnaud",2007,96,12,8.0
"2027-4-3 10:00","October Sky",Biography,"Joe Johnston",1999,108,6,7.5
"2027-4-2 16:00","Lagaan: Once Upon a Time in India",Adventure,"Ashutosh Gowariker",2001,224,0,7.0
"2027-4-2 13:00","Star Wars",Action,"George Lucas",1977,121,12,7.5
"2027-4-2 10:30","Cowboy Bebop: Tengoku no tobira",Animation,"Shin'ichirô Watanabe",2001,115,0,7.5
"2027-4-1 10:30","Star Wars",Action,"George Lucas",1977,121,12,8.0
"2027-3-31 13:00","Kaze no tani no Naushika",Animation,"Hayao Miyazaki",1984,117,0,7.0
"2027-3-31 10:00","Close Encounters of the Third Kind",Drama,"Steven Spielberg",1977,138,0,6.5
"2027-3-30 10:30","Willy Wonka & the Chocolate Factory",Family,"Mel Stuart",1971,100,0,6.5
"2027-3-29 16:30","Million Dollar Baby",Drama,"Clint Eastwood",2004,132,12,6.5
"2027-3-29 13:30","October Sky",Biography,"Joe Johnston",1999,108,6,8.0
"2027-3-29 10:30","The Goonies",Adventure,"Richard Donner",1985,114,0,7.0
"2027-3-28 16:30","Persepolis",Animation,"Vincent Paronnaud",2007,96,12,7.5
"2027-3-28 13:30","The Red Shoes",Drama,"Michael Powell",1948,135,12,6.5
"2027-3-28 10:00","Close Encounters of the Third Kind",Drama,"Steven Spielberg",1977,138,0,8.5
"2027-3-27 18:30","My Cousin Vinny",Comedy,"Jonathan Lynn",1992,120,12,9.5
"2027-3-27 15:30","The Red Shoes",Drama,"Michael Powell",1948,135,12,6.5
"2027-3-27 12:30","Raging Bull",Biography,"Martin Scorsese",1980,129,12,6.5
"2027-3-27 10:30","Duck Soup",Comedy,"Leo McCarey",1933,69,12,7.5
"2027-3-26 13:00","La dolce vita",Comedy,"Federico Fellini",1960,174,12,8.5
"2027-3-26 10:00","The Great Dictator",Comedy,"Charles Chaplin",1940,125,12,8.0
"2027-3-25 12:30","Kaze no tani no Naushika",Animation,"Hayao Miyazaki",1984,117,0,7.5
"2027-3-25 10:00","The Goonies",Adventure,"Richard Donner",1985,114,0,8.5
"2027-3-24 10:00","All the President's Men",Biography,"Alan J. Pakula",1976,138,0,8.0
"2027-3-23 13:30","Duck Soup",Comedy,"Leo McCarey",1933,69,12,8.5
"2027-3-23 10:30","The Silence of the Lambs",Crime,"Jonathan Demme",1991,118,12,8.5
"2027-3-22 18:00","The Red Shoes",Drama,"Michael Powell",1948,135,12,9.0
"2027-3-22 13:30","Lagaan: Once Upon a Time in India",Adventure,"Ashutosh Gowariker",2001,224,0,7.0
"2027-3-22 10:30","The Silence of the Lambs",Crime,"Jonathan Demme",1991,118,12,8.5
"2027-3-21 16:30","Kill Bill: Vol. 2",Action,"Quentin Tarantino",2004,137,12,7.0
"2027-3-21 13:30","Citizen Kane",Drama,"Orson Welles",1941,119,12,6.5
"2027-3-21 10:30","Gegen die Wand",Drama,"Fatih Akin",2004,121,16,8.5
"2027-3-20 17:30","Raging Bull",Biography,"Martin Scorsese",1980,129,12,7.5
"2027-3-20 13:30","The Right Stuff",Adventure,"Philip Kaufman",1983,193,6,7.0
"2027-3-20 10:30","Stalag 17",Comedy,"Billy Wilder",1953,120,12,8.5
"2027-3-19 16:00","The Lord of the Rings: The Fellowship of the Ring",Action,"Peter Jackson",2001,178,0,8.0
"2027-3-19 13:30","Toki o kakeru shôjo",Animation,"Mamoru Hosoda",2006,98,0,7.5
"2027-3-19 10:30","Star Wars: Episode VI - Return of the Jedi",Action,"Richard Marquand",1983,131,0,6.5
"2027-3-18 15:30","All the President's Men",Biography,"Alan J. Pakula",1976,138,0,6.5
"2027-3-18 12:30","Kill Bill: Vol. 2",Action,"Quentin Tarantino",2004,137,12,7.0
"2027-3-18 10:30","Duck Soup",Comedy,"Leo McCarey",1933,69,12,7.0
"2027-3-17 13:00","The Lord of the Rings: The Fellowship of the Ring",Action,"Peter Jackson",2001,178,0,7.0
"2027-3-17 10:30","In the Heat of the Night",Crime,"Norman Jewison",1967,110,0,8.5
"2027-3-16 15:30","Duck Soup",Comedy,"Leo McCarey",1933,69,12,7.5
"2027-3-16 12:30","All the President's Men",Biography,"Alan J. Pakula",1976,138,0,8.0
"2027-3-16 10:00","Persepolis",Animation,"Vincent Paronnaud",2007,96,12,7.5
"2027-3-15 14:00","La planète sauvage",Animation,"René Laloux",1973,72,0,8.5
"2027-3-15 10:30","The Lord of the Rings: The Fellowship of the Ring",Action,"Peter Jackson",2001,178,0,8.5
"2027-3-14 17:00","All the President's Men",Biography,"Alan J. Pakula",1976,138,0,7.5
"2027-3-14 13:00","La dolce vita",Comedy,"Federico Fellini",1960,174,12,6.5
"2027-3-14 10:00","Close Encounters of the Third Kind",Drama,"Steven Spielberg",1977,138,0,8.0
"2027-3-13 15:30","All the President's Men",Biography,"Alan J. Pakula",1976,138,0,8.5
"2027-3-13 12:30","Stalag 17",Comedy,"Billy Wilder",1953,120,12,6.5
"2027-3-13 10:30","Le dîner de cons",Comedy,"Francis Veber",1998,80,12,8.0
"2027-3-12 10:30","Toki o kakeru shôjo",Animation,"Mamoru Hosoda",2006,98,0,8.5
"2027-3-11 16:00","Taegukgi hwinalrimyeo",Action,"Je-kyu Kang",2004,140,16,8.0
"2027-3-11 13:30","Toki o kakeru shôjo",Animation,"Mamoru Hosoda",2006,98,0,7.0
"2027-3-11 10:00","Taegukgi hwinalrimyeo",Action,"Je-kyu Kang",2004,140,16,6.5
"2027-3-10 15:30","The Muppet Christmas Carol",Comedy,"Brian Henson",1992,85,0,8.5
"2027-3-10 13:00","Dial M for Murder",Crime,"Alfred Hitchcock",1954,105,12,6.5
"2027-3-10 10:30","Willy Wonka & the Chocolate Factory",Family,"Mel Stuart",1971,100,0,7.0
"2027-3-9 10:30","Escape from Alcatraz",Action,"Don Siegel",1979,112,12,7.0
"2027-3-8 15:00","Kaze no tani no Naushika",Animation,"Hayao Miyazaki",1984,117,0,7.0
"2027-3-8 13:00","La planète sauvage",Animation,"René Laloux",1973,72,0,7.0
"2027-3-8 10:30","Willy Wonka & the Chocolate Factory",Family,"Mel Stuart",1971,100,0,8.5
"2027-3-7 19:00","Dial M for Murder",Crime,"Alfred Hitchcock",1954,105,12,8.5
"2027-3-7 16:30","Life of Brian",Comedy,"Terry Jones",1979,94,16,7.0
"2027-3-7 13:30","The Goonies",Adventure,"Richard Donner",1985,114,0,6.5
"2027-3-7 10:30","La battaglia di Algeri",Drama,"Gillo Pontecorvo",1966,121,12,7.0
"2027-3-6 15:30","Hedwig and the Angry Inch",Comedy,"John Cameron Mitchell",2001,95,16,7.5
"2027-3-6 13:30","La planète sauvage",Animation,"René Laloux",1973,72,0,7.5
"2027-3-6 10:30","Stalag 17",Comedy,"Billy Wilder",1953,120,12,8.5
"2027-3-5 10:00","Misery",Drama,"Rob Reiner",1990,107,16,8.5
"2027-3-4 10:00","After Hours",Comedy,"Martin Scorsese",1985,97,12,8.5
"2027-3-3 15:00","Kill Bill: Vol. 2",Action,"Quentin Tarantino",2004,137,12,8.0
"2027-3-3 13:00","The Muppet Christmas Carol",Comedy,"Brian Henson",1992,85,0,8.5
"2027-3-3 10:00","The Terminator",Action,"James Cameron",1984,107,12,7.5
"2027-3-2 15:00","Glory",Biography,"Edward Zwick",1989,122,16,7.5
"2027-3-2 12:30","The Goonies",Adventure,"Richard Donner",1985,114,0,7.0
"2027-3-2 10:00","Hedwig and the Angry Inch",Comedy,"John Cameron Mitchell",2001,95,16,6.5
"2027-3-1 10:00","Willy Wonka & the Chocolate Factory",Family,"Mel Stuart",1971,100,0,6.5
"2027-2-28 19:00","The Lion King",Animation,"Roger Allers",1994,88,0,10.0
"2027-2-28 16:00","Inside Man",Crime,"Spike Lee",2006,129,16,6.5
"2027-2-28 13:00","Gegen die Wand",Drama,"Fatih Akin",2004,121,16,7.5
"2027-2-28 10:00","The Notebook",Drama,"Nick Cassavetes",2004,123,12,8.0
"2027-2-27 15:30","The Right Stuff",Adventure,"Philip Kaufman",1983,193,6,7.0
"2027-2-27 12:30","Brazil",Drama,"Terry Gilliam",1985,132,0,8.0
"2027-2-27 10:30","Le dîner de cons",Comedy,"Francis Veber",1998,80,12,7.5
"2027-2-26 12:30","In the Heat of the Night",Crime,"Norman Jewison",1967,110,0,7.0
"2027-2-26 10:00","The Gold Rush",Adventure,"Charles Chaplin",1925,95,12,7.5
"2027-2-25 10:00","Stardust",Adventure,"Matthew Vaughn",2007,127,0,7.5
"2027-2-24 10:00","The Jungle Book",Animation,"Wolfgang Reitherman",1967,78,0,7.0
"2027-2-23 16:00","The Outlaw Josey Wales",Western,"Clint Eastwood",1976,135,12,8.0
"2027-2-23 13:00","The Notebook",Drama,"Nick Cassavetes",2004,123,12,6.5
"2027-2-23 10:00","Glory",Biography,"Edward Zwick",1989,122,16,7.0
"2027-2-22 10:00","The Terminator",Action,"James Cameron",1984,107,12,7.0
"2027-2-21 18:30","Le dîner de cons",Comedy,"Francis Veber",1998,80,12,10.0
"2027-2-21 16:30","Le dîner de cons",Comedy,"Francis Veber",1998,80,12,8.0
"2027-2-21 13:30","Inside Man",Crime,"Spike Lee",2006,129,16,7.5
"2027-2-21 10:30","Gegen die Wand",Drama,"Fatih Akin",2004,121,16,8.0
"2027-2-20 19:30","La planète sauvage",Animation,"René Laloux",1973,72,0,9.0
"2027-2-20 17:00","Au revoir les enfants",Drama,"Louis Malle",1987,104,0,8.0
"2027-2-20 13:00","The Right Stuff",Adventure,"Philip Kaufman",1983,193,6,6.5
"2027-2-20 10:30","The Terminator",Action,"James Cameron",1984,107,12,8.0
"2027-2-19 12:30","The Right Stuff",Adventure,"Philip Kaufman",1983,193,6,7.5
"2027-2-19 10:00","The Terminator",Action,"James Cameron",1984,107,12,8.0
"2027-2-18 12:00","The Terminator",Action,"James Cameron",1984,107,12,6.5
"2027-2-18 10:00","Le dîner de cons",Comedy,"Francis Veber",1998,80,12,8.5
"2027-2-17 15:30","Glory",Biography,"Edward Zwick",1989,122,16,6.5
"2027-2-17 13:00","In the Heat of the Night",Crime,"Norman Jewison",1967,110,0,8.0
"2027-2-17 10:00","Stardust",Adventure,"Matthew Vaughn",2007,127,0,6.5
"2027-2-16 15:30","The Notebook",Drama,"Nick Cassavetes",2004,123,12,6.5
"2027-2-16 13:00","The Lion King",Animation,"Roger Allers",1994,88,0,7.0
"2027-2-16 10:00","Brazil",Drama,"Terry Gilliam",1985,132,0,7.0
"2027-2-15 15:30","Taegukgi hwinalrimyeo",Action,"Je-kyu Kang",2004,140,16,7.0
"2027-2-15 12:30","The Outlaw Josey Wales",Western,"Clint Eastwood",1976,135,12,7.0
"2027-2-15 10:00","Le dîner de cons",Comedy,"Francis Veber",1998,80,12,8.0
"2027-2-14 18:00","The Lion King",Animation,"Roger Allers",1994,88,0,10.0
"2027-2-14 15:00","My Cousin Vinny",Comedy,"Jonathan Lynn",1992,120,12,8.0
"2027-2-14 12:30","The Muppet Christmas Carol",Comedy,"Brian Henson",1992,85,0,7.0
"2027-2-14 10:00","The Gold Rush",Adventure,"Charles Chaplin",1925,95,12,8.0
"2027-2-13 17:30","The Lion King",Animation,"Roger Allers",1994,88,0,8.0
"2027-2-13 14:30","Taegukgi hwinalrimyeo",Action,"Je-kyu Kang",2004,140,16,8.5
"2027-2-13 12:00","My Cousin Vinny",Comedy,"Jonathan Lynn",1992,120,12,6.5
"2027-2-13 10:00","Le dîner de cons",Comedy,"Francis Veber",1998,80,12,6.5
"2027-2-12 17:00","The Notebook",Drama,"Nick Cassavetes",2004,123,12,7.0
"2027-2-12 14:00","The Fifth Element",Action,"Luc Besson",1997,126,12,8.5
"2027-2-12 10:00","The Right Stuff",Adventure,"Philip Kaufman",1983,193,6,7.5
"2027-2-11 13:00","Brazil",Drama,"Terry Gilliam",1985,132,0,8.0
"2027-2-11 10:30","The Odd Couple",Comedy,"Gene Saks",1968,105,0,7.0
"2027-2-10 12:30","Lawrence of Arabia",Adventure,"David Lean",1962,228,0,6.5
"2027-2-10 10:00","Hedwig and the Angry Inch",Comedy,"John Cameron Mitchell",2001,95,16,8.5
"2027-2-9 13:00","Nueve reinas",Crime,"Fabián Bielinsky",2000,114,16,7.0
"2027-2-9 10:00","One Flew Over the Cuckoo's Nest",Drama,"Milos Forman",1975,133,12,8.0
"2027-2-8 14:00","In the Heat of the Night",Crime,"Norman Jewison",1967,110,0,6.5
"2027-2-8 10:00","The Right Stuff",Adventure,"Philip Kaufman",1983,193,6,7.0
"2027-2-7 15:00","Taegukgi hwinalrimyeo",Action,"Je-kyu Kang",2004,140,16,8.0
"2027-2-7 12:30","The Lion King",Animation,"Roger Allers",1994,88,0,8.5
"2027-2-7 10:30","A Hard Day's Night",Comedy,"Richard Lester",1964,87,0,6.5
"2027-2-6 18:00","Hedwig and the Angry Inch",Comedy,"John Cameron Mitchell",2001,95,16,8.5
"2027-2-6 15:00","Gegen die Wand",Drama,"Fatih Akin",2004,121,16,7.5
"2027-2-6 10:30","Lawrence of Arabia",Adventure,"David Lean",1962,228,0,7.0
"2027-2-5 10:30","The Gold Rush",Adventure,"Charles Chaplin",1925,95,12,7.5
"2027-2-4 15:00","Lawrence of Arabia",Adventure,"David Lean",1962,228,0,7.0
"2027-2-4 12:30","Eastern Promises",Action,"David Cronenberg",2007,100,16,7.5
"2027-2-4 10:00","Au revoir les enfants",Drama,"Louis Malle",1987,104,0,8.5
"2027-2-3 14:30","Le dîner de cons",Comedy,"Francis Veber",1998,80,12,8.0
"2027-2-3 10:00","Lawrence of Arabia",Adventure,"David Lean",1962,228,0,8.0
"2027-2-2 13:30","Pirates of the Caribbean: The Curse of the Black Pearl",Action,"Gore Verbinski",2003,143,12,7.0
"2027-2-2 10:30","The Outlaw Josey Wales",Western,"Clint Eastwood",1976,135,12,8.0
"2027-2-1 10:00","Le dîner de cons",Comedy,"Francis Veber",1998,80,12,8.0
"2027-1-31 21:00","The Jungle Book",Animation,"Wolfgang Reitherman",1967,78,0,8.5
"2027-1-31 17:30","Ba wang bie ji",Drama,"Kaige Chen",1993,171,16,8.0
"2027-1-31 13:00","Lawrence of Arabia",Adventure,"David Lean",1962,228,0,8.5
"2027-1-31 10:00","Inside Man",Crime,"Spike Lee",2006,129,16,8.0
"2027-1-30 16:00","Chinatown",Drama,"Roman Polanski",1974,130,12,8.0
"2027-1-30 13:00","Chinatown",Drama,"Roman Polanski",1974,130,12,8.5
"2027-1-30 10:00","Gegen die Wand",Drama,"Fatih Akin",2004,121,16,8.0
"2027-1-29 12:30","Persona",Drama,"Ingmar Bergman",1966,85,12,7.0
"2027-1-29 10:00","Dial M for Murder",Crime,"Alfred Hitchcock",1954,105,12,8.5
"2027-1-28 15:00","Dial M for Murder",Crime,"Alfred Hitchcock",1954,105,12,7.5
"2027-1-28 12:30","The Gold Rush",Adventure,"Charles Chaplin",1925,95,12,6.5
"2027-1-28 10:00","Le dîner de cons",Comedy,"Francis Veber",1998,80,12,8.0
"2027-1-27 10:00","Stalker",Drama,"Andrei Tarkovsky",1979,162,0,7.5
"2027-1-26 12:00","Walk the Line",Biography,"James Mangold",2005,136,12,8.0
"2027-1-26 10:00","Toy Story",Animation,"John Lasseter",1995,81,0,6.5
"2027-1-25 10:00","The Notebook",Drama,"Nick Cassavetes",2004,123,12,6.5
"2027-1-24 18:30","The Notebook",Drama,"Nick Cassavetes",2004,123,12,10.0
"2027-1-24 15:30","The Fifth Element",Action,"Luc Besson",1997,126,12,6.5
"2027-1-24 12:30","Inside Man",Crime,"Spike Lee",2006,129,16,6.5
"2027-1-24 10:00","Toy Story",Animation,"John Lasseter",1995,81,0,8.0
"2027-1-23 16:30","Hera Pheri",Action,"Priyadarshan",2000,156,0,8.5
"2027-1-23 12:30","The Right Stuff",Adventure,"Philip Kaufman",1983,193,6,7.5
"2027-1-23 10:30","The Jungle Book",Animation,"Wolfgang Reitherman",1967,78,0,6.5
"2027-1-22 12:30","Kung fu",Action,"Stephen Chow",2004,99,12,8.0
"2027-1-22 10:00","The Gold Rush",Adventure,"Charles Chaplin",1925,95,12,6.5
"2027-1-21 10:00","Night of the Living Dead",Horror,"George A. Romero",1968,96,12,6.5
"2027-1-20 13:00","Hamlet",Drama,"Kenneth Branagh",1996,242,12,6.5
"2027-1-20 10:30","Sunrise: A Song of Two Humans",Drama,"F.W. Murnau",1927,94,12,6.5
"2027-1-19 15:30","The Notebook",Drama,"Nick Cassavetes",2004,123,12,7.5
"2027-1-19 13:00","Au revoir les enfants",Drama,"Louis Malle",1987,104,0,7.5
"2027-1-19 10:00","The Notebook",Drama,"Nick Cassavetes",2004,123,12,7.0
"2027-1-18 16:30","The Gold Rush",Adventure,"Charles Chaplin",1925,95,12,6.5
"2027-1-18 13:30","The Notebook",Drama,"Nick Cassavetes",2004,123,12,7.0
"2027-1-18 10:30","The Fifth Element",Action,"Luc Besson",1997,126,12,8.0
"2027-1-17 16:00","Kung fu",Action,"Stephen Chow",2004,99,12,8.0
"2027-1-17 12:30","Hera Pheri",Action,"Priyadarshan",2000,156,0,8.5
"2027-1-17 10:00","Donnie Darko",Drama,"Richard Kelly",2001,113,16,6.5
"2027-1-16 18:00","Night of the Living Dead",Horror,"George A. Romero",1968,96,12,10.0
"2027-1-16 15:30","Dark City",Mystery,"Alex Proyas",1998,100,12,7.5
"2027-1-16 12:30","The Notebook",Drama,"Nick Cassavetes",2004,123,12,8.5
"2027-1-16 10:00","After Hours",Comedy,"Martin Scorsese",1985,97,12,7.0
"2027-1-15 10:00","One Flew Over the Cuckoo's Nest",Drama,"Milos Forman",1975,133,12,7.0
"2027-1-14 13:30","Hamlet",Drama,"Kenneth Branagh",1996,242,12,8.5
"2027-1-14 10:30","The Notebook",Drama,"Nick Cassavetes",2004,123,12,6.5
"2027-1-13 13:00","His Girl Friday",Comedy,"Howard Hawks",1940,92,12,7.5
"2027-1-13 10:00","Pirates of the Caribbean: The Curse of the Black Pearl",Action,"Gore Verbinski",2003,143,12,6.5
"2027-1-12 10:30","A Hard Day's Night",Comedy,"Richard Lester",1964,87,0,8.5
"2027-1-11 15:30","Pirates of the Caribbean: The Curse of the Black Pearl",Action,"Gore Verbinski",2003,143,12,8.0
"2027-1-11 12:30","The Fifth Element",Action,"Luc Besson",1997,126,12,8.5
"2027-1-11 10:00","Donnie Darko",Drama,"Richard Kelly",2001,113,16,8.5
"2027-1-10 18:00","The Big Lebowski",Comedy,"Joel Coen",1998,117,16,9.0
"2027-1-10 15:30","Sunrise: A Song of Two Humans",Drama,"F.W. Murnau",1927,94,12,8.0
"2027-1-10 13:00","Donnie Darko",Drama,"Richard Kelly",2001,113,16,8.0
"2027-1-10 10:30","Dark City",Mystery,"Alex Proyas",1998,100,12,7.0
"2027-1-9 16:00","Hamlet",Drama,"Kenneth Branagh",1996,242,12,7.0
"2027-1-9 13:00","Fantasia",Animation,"James Algar",1940,125,0,7.0
"2027-1-9 10:30","Dark City",Mystery,"Alex Proyas",1998,100,12,8.0
"2027-1-8 10:00","Nueve reinas",Crime,"Fabián Bielinsky",2000,114,16,7.0
"2027-1-7 15:30","The 39 Steps",Crime,"Alfred Hitchcock",1935,86,12,7.0
"2027-1-7 13:00","Nueve reinas",Crime,"Fabián Bielinsky",2000,114,16,8.5
"2027-1-7 10:30","Aguirre, der Zorn Gottes",Action,"Werner Herzog",1972,95,12,8.0
"2027-1-6 10:30","Det sjunde inseglet",Drama,"Ingmar Bergman",1957,96,12,7.5
"2027-1-5 10:30","Fantasia",Animation,"James Algar",1940,125,0,6.5
"2027-1-4 10:30","Pirates of the Caribbean: The Curse of the Black Pearl",Action,"Gore Verbinski",2003,143,12,8.0
"2027-1-3 18:00","Blow",Biography,"Ted Demme",2001,124,16,9.5
"2027-1-3 15:00","Nueve reinas",Crime,"Fabián Bielinsky",2000,114,16,7.5
"2027-1-3 12:30","High Noon",Drama,"Fred Zinnemann",1952,85,6,8.0
"2027-1-3 10:00","Adams æbler",Comedy,"Anders Thomas Jensen",2005,94,16,7.0
"2027-1-2 20:30","Tôkyô monogatari",Drama,"Yasujirô Ozu",1953,136,0,9.5
"2027-1-2 18:00","Eastern Promises",Action,"David Cronenberg",2007,100,16,8.5
"2027-1-2 14:00","Ba wang bie ji",Drama,"Kaige Chen",1993,171,16,7.0
"2027-1-2 10:30","Breaking the Waves",Drama,"Lars von Trier",1996,159,16,8.0
"2027-1-1 16:30","Adams æbler",Comedy,"Anders Thomas Jensen",2005,94,16,7.5
"2027-1-1 14:00","Nueve reinas",Crime,"Fabián Bielinsky",2000,114,16,8.0
"2027-1-1 10:30","Breaking the Waves",Drama,"Lars von Trier",1996,159,16,7.0
"2026-12-31 15:30","The Killing Fields",Biography,"Roland Joffé",1984,141,12,8.5
"2026-12-31 12:30","Pirates of the Caribbean: The Curse of the Black Pearl",Action,"Gore Verbinski",2003,143,12,8.0
"2026-12-31 10:00","Aguirre, der Zorn Gottes",Action,"Werner Herzog",1972,95,12,7.0
"2026-12-30 17:00","Pulp Fiction",Crime,"Quentin Tarantino",1994,154,12,7.5
"2026-12-30 14:00","One Flew Over the Cuckoo's Nest",Drama,"Milos Forman",1975,133,12,8.5
"2026-12-30 10:30","Breaking the Waves",Drama,"Lars von Trier",1996,159,16,8.5
"2026-12-29 13:00","Stalker",Drama,"Andrei Tarkovsky",1979,162,0,8.0
"2026-12-29 10:30","Kung fu",Action,"Stephen Chow",2004,99,12,6.5
"2026-12-28 15:30","The Day of the Jackal",Crime,"Fred Zinnemann",1973,143,12,8.5
"2026-12-28 12:30","Pirates of the Caribbean: The Curse of the Black Pearl",Action,"Gore Verbinski",2003,143,12,7.0
"2026-12-28 10:00","Sanjuro",Action,"Akira Kurosawa",1962,96,0,6.5
"2026-12-27 16:00","Kung fu",Action,"Stephen Chow",2004,99,12,8.0
"2026-12-27 13:00","Pirates of the Caribbean: The Curse of the Black Pearl",Action,"Gore Verbinski",2003,143,12,7.0
"2026-12-27 10:30","His Girl Friday",Comedy,"Howard Hawks",1940,92,12,7.0
"2026-12-26 16:00","Bringing Up Baby",Comedy,"Howard Hawks",1938,102,12,8.5
"2026-12-26 13:00","Rear Window",Mystery,"Alfred Hitchcock",1954,112,0,8.5
"2026-12-26 10:30","Harold and Maude",Comedy,"Hal Ashby",1971,91,6,7.0
"2026-12-25 15:30","Aguirre, der Zorn Gottes",Action,"Werner Herzog",1972,95,12,7.0
"2026-12-25 12:30","The Fifth Element",Action,"Luc Besson",1997,126,12,6.5
"2026-12-25 10:00","Planes, Trains & Automobiles",Comedy,"John Hughes",1987,93,0,8.0
"2026-12-24 10:00","The Little Mermaid",Animation,"Ron Clements",1989,83,0,7.5
"2026-12-23 10:30","Toy Story",Animation,"John Lasseter",1995,81,0,7.5
"2026-12-22 10:30","The Princess Bride",Adventure,"Rob Reiner",1987,98,0,6.5
"2026-12-21 15:30","Brazil",Drama,"Terry Gilliam",1985,132,0,8.0
"2026-12-21 13:00","The Princess Bride",Adventure,"Rob Reiner",1987,98,0,7.5
"2026-12-21 10:00","The Untouchables",Crime,"Brian De Palma",1987,119,12,8.5
"2026-12-20 16:30","The Untouchables",Crime,"Brian De Palma",1987,119,12,7.0
"2026-12-20 14:00","Le charme discret de la bourgeoisie",Comedy,"Luis Buñuel",1972,102,6,8.5
"2026-12-20 10:00","Giant",Drama,"George Stevens",1956,201,0,6.5
"2026-12-19 17:30","Giant",Drama,"George Stevens",1956,201,0,6.5
"2026-12-19 15:00","The Little Mermaid",Animation,"Ron Clements",1989,83,0,7.0
"2026-12-19 10:30","Once Upon a Time in America",Crime,"Sergio Leone",1984,229,12,7.0
"2026-12-18 16:30","Toy Story",Animation,"John Lasseter",1995,81,0,6.5
"2026-12-18 13:30","Tôkyô monogatari",Drama,"Yasujirô Ozu",1953,136,0,7.0
"2026-12-18 10:00","The Day of the Jackal",Crime,"Fred Zinnemann",1973,143,12,8.5
"2026-12-17 16:30","This Is England",Crime,"Shane Meadows",2006,101,12,6.5
"2026-12-17 13:30","Rear Window",Mystery,"Alfred Hitchcock",1954,112,0,8.0
"2026-12-17 10:30","The Untouchables",Crime,"Brian De Palma",1987,119,12,8.0
"2026-12-16 12:30","Stand by Me",Adventure,"Rob Reiner",1986,89,0,7.5
"2026-12-16 10:00","Det sjunde inseglet",Drama,"Ingmar Bergman",1957,96,12,8.0
"2026-12-15 10:00","Toy Story",Animation,"John Lasseter",1995,81,0,8.5
"2026-12-14 14:00","Sanjuro",Action,"Akira Kurosawa",1962,96,0,8.0
"2026-12-14 10:30","The Lives of Others",Drama,"Florian Henckel von Donnersmarck",2006,137,12,6.5
"2026-12-13 21:30","This Is England",Crime,"Shane Meadows",2006,101,12,9.0
"2026-12-13 18:00","Pulp Fiction",Crime,"Quentin Tarantino",1994,154,12,10.0
"2026-12-13 15:00","The Killing Fields",Biography,"Roland Joffé",1984,141,12,8.0
"2026-12-13 10:30","Once Upon a Time in America",Crime,"Sergio Leone",1984,229,12,7.0
"2026-12-12 15:30","The Little Mermaid",Animation,"Ron Clements",1989,83,0,6.5
"2026-12-12 12:30","Donnie Darko",Drama,"Richard Kelly",2001,113,16,6.5
"2026-12-12 10:00","Psycho",Horror,"Alfred Hitchcock",1960,109,12,8.0
"2026-12-11 10:00","The Little Mermaid",Animation,"Ron Clements",1989,83,0,7.0
"2026-12-10 16:30","Blow",Biography,"Ted Demme",2001,124,16,8.5
"2026-12-10 13:30","Das Experiment",Drama,"Oliver Hirschbiegel",2001,120,16,8.5
"2026-12-10 10:00","Stalker",Drama,"Andrei Tarkovsky",1979,162,0,7.0
"2026-12-9 15:30","Harry Potter and the Sorcerer's Stone",Adventure,"Chris Columbus",2001,152,0,7.0
"2026-12-9 13:00","The Lost Weekend",Drama,"Billy Wilder",1945,101,12,7.0
"2026-12-9 10:30","Hannah and Her Sisters",Comedy,"Woody Allen",1986,107,12,7.5
"2026-12-8 15:30","Stalker",Drama,"Andrei Tarkovsky",1979,162,0,8.0
"2026-12-8 13:00","Das Experiment",Drama,"Oliver Hirschbiegel",2001,120,16,7.5
"2026-12-8 10:00","Psycho",Horror,"Alfred Hitchcock",1960,109,12,7.5
"2026-12-7 12:30","Bringing Up Baby",Comedy,"Howard Hawks",1938,102,12,8.0
"2026-12-7 10:00","Stand by Me",Adventure,"Rob Reiner",1986,89,0,8.5
"2026-12-6 16:30","Once Upon a Time in America",Crime,"Sergio Leone",1984,229,12,7.0
"2026-12-6 13:00","The Day of the Jackal",Crime,"Fred Zinnemann",1973,143,12,6.5
"2026-12-6 10:00","Salinui chueok",Crime,"Bong Joon Ho",2003,131,12,8.0
"2026-12-5 17:00","Donnie Darko",Drama,"Richard Kelly",2001,113,16,6.5
"2026-12-5 14:30","Le charme discret de la bourgeoisie",Comedy,"Luis Buñuel",1972,102,6,7.0
"2026-12-5 10:00","Once Upon a Time in America",Crime,"Sergio Leone",1984,229,12,6.5
"2026-12-4 10:00","Breaking the Waves",Drama,"Lars von Trier",1996,159,16,8.0
"2026-12-3 10:00","Smultronstället",Drama,"Ingmar Bergman",1957,91,0,7.0
"2026-12-2 15:30","Notorious",Drama,"Alfred Hitchcock",1946,102,0,8.0
"2026-12-2 12:30","The Exorcist",Horror,"William Friedkin",1973,122,12,6.5
"2026-12-2 10:00","Aguirre, der Zorn Gottes",Action,"Werner Herzog",1972,95,12,7.5
"2026-12-1 12:30","Stand by Me",Adventure,"Rob Reiner",1986,89,0,6.5
"2026-12-1 10:00","Psycho",Horror,"Alfred Hitchcock",1960,109,12,6.5
"2026-11-30 12:30","Dawn of the Dead",Action,"George A. Romero",1978,127,12,8.0
"2026-11-30 10:00","Planes, Trains & Automobiles",Comedy,"John Hughes",1987,93,0,7.0
"2026-11-29 15:30","The Lost Weekend",Drama,"Billy Wilder",1945,101,12,6.5
"2026-11-29 13:00","Le charme discret de la bourgeoisie",Comedy,"Luis Buñuel",1972,102,6,7.5
"2026-11-29 10:30","Office Space",Comedy,"Mike Judge",1999,89,16,6.5
"2026-11-28 19:00","The Exorcist",Horror,"William Friedkin",1973,122,12,8.5
"2026-11-28 16:30","Shrek",Animation,"Andrew Adamson",2001,90,0,7.0
"2026-11-28 14:00","Shrek",Animation,"Andrew Adamson",2001,90,0,8.5
"2026-11-28 10:30","Breaking the Waves",Drama,"Lars von Trier",1996,159,16,8.5
"2026-11-27 10:00","Le charme discret de la bourgeoisie",Comedy,"Luis Buñuel",1972,102,6,7.0
"2026-11-26 10:30","Dogville",Crime,"Lars von Trier",2003,178,16,7.5
"2026-11-25 12:30","The Little Mermaid",Animation,"Ron Clements",1989,83,0,8.5
"2026-11-25 10:00","Sanjuro",Action,"Akira Kurosawa",1962,96,0,7.0
"2026-11-24 10:00","The Day of the Jackal",Crime,"Fred Zinnemann",1973,143,12,6.5
"2026-11-23 10:30","The Kid",Comedy,"Charles Chaplin",1921,68,12,7.0
"2026-11-22 16:30","Salinui chueok",Crime,"Bong Joon Ho",2003,131,12,8.5
"2026-11-22 13:30","The Killing Fields",Biography,"Roland Joffé",1984,141,12,8.0
"2026-11-22 10:00","Harry Potter and the Sorcerer's Stone",Adventure,"Chris Columbus",2001,152,0,8.5
"2026-11-21 16:30","Rang De Basanti",Comedy,"Rakeysh Omprakash Mehra",2006,167,12,7.0
"2026-11-21 13:30","L.A. Confidential",Crime,"Curtis Hanson",1997,138,12,8.0
"2026-11-21 10:30","Dead Man",Adventure,"Jim Jarmusch",1995,121,16,7.0
"2026-11-20 15:30","Once Upon a Time in America",Crime,"Sergio Leone",1984,229,12,8.0
"2026-11-20 13:00","Hana-bi",Crime,"Takeshi Kitano",1997,103,12,7.0
"2026-11-20 10:30","Sanjuro",Action,"Akira Kurosawa",1962,96,0,6.5
"2026-11-19 10:00","Gilda",Drama,"Charles Vidor",1946,110,12,7.5
"2026-11-18 12:30","The 39 Steps",Crime,"Alfred Hitchcock",1935,86,12,7.5
"2026-11-18 10:00","Double Indemnity",Crime,"Billy Wilder",1944,107,12,8.5
"2026-11-17 16:00","L.A. Confidential",Crime,"Curtis Hanson",1997,138,12,7.5
"2026-11-17 13:30","Trois couleurs: Bleu",Drama,"Krzysztof Kieslowski",1993,94,0,8.5
"2026-11-17 10:30","Dancer in the Dark",Crime,"Lars von Trier",2000,140,0,8.0
"2026-11-16 16:00","Shrek",Animation,"Andrew Adamson",2001,90,0,8.5
"2026-11-16 12:30","Giù la testa",Drama,"Sergio Leone",1971,157,6,8.0
"2026-11-16 10:30","Stand by Me",Adventure,"Rob Reiner",1986,89,0,7.5
"2026-11-15 15:30","Hana-bi",Crime,"Takeshi Kitano",1997,103,12,7.0
"2026-11-15 13:00","Shrek",Animation,"Andrew Adamson",2001,90,0,8.0
"2026-11-15 10:00","Goodfellas",Biography,"Martin Scorsese",1990,146,12,6.5
"2026-11-14 17:00","Goodfellas",Biography,"Martin Scorsese",1990,146,12,8.5
"2026-11-14 13:00","Dogville",Crime,"Lars von Trier",2003,178,16,7.5
"2026-11-14 10:30","Majo no takkyûbin",Animation,"Hayao Miyazaki",1989,103,0,6.5
"2026-11-13 12:30","Majo no takkyûbin",Animation,"Hayao Miyazaki",1989,103,0,7.0
"2026-11-13 10:00","Smultronstället",Drama,"Ingmar Bergman",1957,91,0,6.5
"2026-11-12 10:00","Dà hóng denglong gaogao guà",Drama,"Yimou Zhang",1991,125,6,7.5
"2026-11-11 10:30","Toy Story 2",Animation,"John Lasseter",1999,92,0,7.0
"2026-11-10 12:30","Dà hóng denglong gaogao guà",Drama,"Yimou Zhang",1991,125,6,7.5
"2026-11-10 10:00","The Station Agent",Comedy,"Tom McCarthy",2003,89,16,6.5
"2026-11-9 10:30","Gilda",Drama,"Charles Vidor",1946,110,12,8.5
"2026-11-8 18:00","Per un pugno di dollari",Action,"Sergio Leone",1964,99,12,9.5
"2026-11-8 14:30","Giù la testa",Drama,"Sergio Leone",1971,157,6,6.5
"2026-11-8 12:30","The 39 Steps",Crime,"Alfred Hitchcock",1935,86,12,8.5
"2026-11-8 10:00","The 39 Steps",Crime,"Alfred Hitchcock",1935,86,12,8.0
"2026-11-7 19:00","The King of Comedy",Comedy,"Martin Scorsese",1982,109,0,9.5
"2026-11-7 16:00","V for Vendetta",Action,"James McTeigue",2005,132,12,7.5
"2026-11-7 13:00","Brazil",Drama,"Terry Gilliam",1985,132,0,7.5
"2026-11-7 10:00","Dà hóng denglong gaogao guà",Drama,"Yimou Zhang",1991,125,6,7.5
"2026-11-6 15:00","Dancer in the Dark",Crime,"Lars von Trier",2000,140,0,8.0
"2026-11-6 12:30","The 39 Steps",Crime,"Alfred Hitchcock",1935,86,12,8.0
"2026-11-6 10:30","The Kid",Comedy,"Charles Chaplin",1921,68,12,7.0
"2026-11-5 10:00","Annie Hall",Comedy,"Woody Allen",1977,93,12,8.5
"2026-11-4 10:00","Dead Man",Adventure,"Jim Jarmusch",1995,121,16,8.5
"2026-11-3 10:00","Laura",Drama,"Otto Preminger",1944,88,12,7.0
"2026-11-2 13:00","Notorious",Drama,"Alfred Hitchcock",1946,102,0,6.5
"2026-11-2 10:30","Shrek",Animation,"Andrew Adamson",2001,90,0,8.5
"2026-11-1 18:30","Brazil",Drama,"Terry Gilliam",1985,132,0,9.0
"2026-11-1 16:00","Majo no takkyûbin",Animation,"Hayao Miyazaki",1989,103,0,8.0
"2026-11-1 13:00","Dead Man",Adventure,"Jim Jarmusch",1995,121,16,8.5
"2026-11-1 10:30","Shrek",Animation,"Andrew Adamson",2001,90,0,8.0
"2026-10-31 18:00","All About Eve",Drama,"Joseph L. Mankiewicz",1950,138,12,9.0
"2026-10-31 15:30","Toy Story 2",Animation,"John Lasseter",1999,92,0,8.5
"2026-10-31 13:00","Hana-bi",Crime,"Takeshi Kitano",1997,103,12,6.5
"2026-10-31 10:30","The Day the Earth Stood Still",Drama,"Robert Wise",1951,92,0,8.5
"2026-10-30 10:30","V for Vendetta",Action,"James McTeigue",2005,132,12,7.0
"2026-10-29 10:30","The Station Agent",Comedy,"Tom McCarthy",2003,89,16,7.5
"2026-10-28 10:30","Gilda",Drama,"Charles Vidor",1946,110,12,8.5
"2026-10-27 16:00","Dancer in the Dark",Crime,"Lars von Trier",2000,140,0,7.5
"2026-10-27 13:30","Toy Story 2",Animation,"John Lasseter",1999,92,0,8.5
"2026-10-27 10:30","Dip huet seung hung",Action,"John Woo",1989,111,16,8.5
"2026-10-26 16:30","Giù la testa",Drama,"Sergio Leone",1971,157,6,8.0
"2026-10-26 13:30","Blow",Biography,"Ted Demme",2001,124,16,8.0
"2026-10-26 10:30","Brazil",Drama,"Terry Gilliam",1985,132,0,8.5
"2026-10-25 15:00","Dancer in the Dark",Crime,"Lars von Trier",2000,140,0,7.5
"2026-10-25 12:30","Per un pugno di dollari",Action,"Sergio Leone",1964,99,12,6.5
"2026-10-25 10:00","Bacheha-Ye aseman",Drama,"Majid Majidi",1997,89,6,8.0
"2026-10-24 18:00","Notorious",Drama,"Alfred Hitchcock",1946,102,0,9.0
"2026-10-24 15:00","Star Trek II: The Wrath of Khan",Action,"Nicholas Meyer",1982,113,0,8.0
"2026-10-24 12:30","Notorious",Drama,"Alfred Hitchcock",1946,102,0,7.5
"2026-10-24 10:00","Majo no takkyûbin",Animation,"Hayao Miyazaki",1989,103,0,8.5
"2026-10-23 10:00","La leggenda del pianista sull'oceano",Drama,"Giuseppe Tornatore",1998,169,0,7.5
"2026-10-22 13:00","The King of Comedy",Comedy,"Martin Scorsese",1982,109,0,7.5
"2026-10-22 10:30","To Be or Not to Be",Comedy,"Ernst Lubitsch",1942,99,12,8.0
"2026-10-21 10:00","The Day the Earth Stood Still",Drama,"Robert Wise",1951,92,0,8.5
"2026-10-20 10:00","The Station Agent",Comedy,"Tom McCarthy",2003,89,16,8.0
"2026-10-19 10:00","8½",Drama,"Federico Fellini",1963,138,12,8.0
"2026-10-18 15:00","Bacheha-Ye aseman",Drama,"Majid Majidi",1997,89,6,8.5
"2026-10-18 12:00","L.A. Confidential",Crime,"Curtis Hanson",1997,138,12,8.0
"2026-10-18 10:00","Lola rennt",Crime,"Tom Tykwer",1998,81,12,7.5
"2026-10-17 19:00","Brazil",Drama,"Terry Gilliam",1985,132,0,8.5
"2026-10-17 16:00","Dancer in the Dark",Crime,"Lars von Trier",2000,140,0,7.5
"2026-10-17 13:00","8½",Drama,"Federico Fellini",1963,138,12,7.5
"2026-10-17 10:00","The Sting",Comedy,"George Roy Hill",1973,129,0,8.5
"2026-10-16 12:30","Donnie Darko",Drama,"Richard Kelly",2001,113,16,6.5
"2026-10-16 10:00","Majo no takkyûbin",Animation,"Hayao Miyazaki",1989,103,0,8.5
"2026-10-15 10:00","Bacheha-Ye aseman",Drama,"Majid Majidi",1997,89,6,7.5
"2026-10-14 15:30","Secrets & Lies",Comedy,"Mike Leigh",1996,136,0,7.5
"2026-10-14 13:00","Hana-bi",Crime,"Takeshi Kitano",1997,103,12,7.0
"2026-10-14 10:00","Efter brylluppet",Drama,"Susanne Bier",2006,120,16,8.0
"2026-10-13 13:00","Before Sunrise",Drama,"Richard Linklater",1995,101,16,7.0
"2026-10-13 10:00","All About Eve",Drama,"Joseph L. Mankiewicz",1950,138,12,7.5
"2026-10-12 16:00","What's Eating Gilbert Grape",Drama,"Lasse Hallström",1993,118,0,7.5
"2026-10-12 13:00","Dancer in the Dark",Crime,"Lars von Trier",2000,140,0,6.5
"2026-10-12 10:30","Aguirre, der Zorn Gottes",Action,"Werner Herzog",1972,95,12,8.0
"2026-10-11 18:30","Efter brylluppet",Drama,"Susanne Bier",2006,120,16,8.5
"2026-10-11 16:00","The Shop Around the Corner",Comedy,"Ernst Lubitsch",1940,99,12,8.0
"2026-10-11 13:30","To Be or Not to Be",Comedy,"Ernst Lubitsch",1942,99,12,8.0
"2026-10-11 10:00","Goodfellas",Biography,"Martin Scorsese",1990,146,12,8.5
"2026-10-10 18:00","The Station Agent",Comedy,"Tom McCarthy",2003,89,16,9.0
"2026-10-10 15:00","Goodfellas",Biography,"Martin Scorsese",1990,146,12,8.0
"2026-10-10 12:30","Bacheha-Ye aseman",Drama,"Majid Majidi",1997,89,6,6.5
"2026-10-10 10:00","Annie Hall",Comedy,"Woody Allen",1977,93,12,8.5
"2026-10-9 10:00","Brokeback Mountain",Drama,"Ang Lee",2005,134,12,7.5
"2026-10-8 12:30","The Sting",Comedy,"George Roy Hill",1973,129,0,8.0
"2026-10-8 10:00","Aguirre, der Zorn Gottes",Action,"Werner Herzog",1972,95,12,8.0
"2026-10-7 15:30","Secrets & Lies",Comedy,"Mike Leigh",1996,136,0,8.5
"2026-10-7 13:00","Aguirre, der Zorn Gottes",Action,"Werner Herzog",1972,95,12,8.5
"2026-10-7 10:00","Secrets & Lies",Comedy,"Mike Leigh",1996,136,0,6.5
"2026-10-6 14:30","Efter brylluppet",Drama,"Susanne Bier",2006,120,16,7.0
"2026-10-6 12:30","Lola rennt",Crime,"Tom Tykwer",1998,81,12,7.0
"2026-10-6 10:00","Kung fu",Action,"Stephen Chow",2004,99,12,7.5
"2026-10-5 10:30","Funny Games",Crime,"Michael Haneke",1997,108,12,8.0
"2026-10-4 16:00","Awakenings",Biography,"Penny Marshall",1990,121,0,7.5
"2026-10-4 13:00","Die Hard",Action,"John McTiernan",1988,132,12,8.5
"2026-10-4 10:30","To Be or Not to Be",Comedy,"Ernst Lubitsch",1942,99,12,6.5
"2026-10-3 18:00","The Sting",Comedy,"George Roy Hill",1973,129,0,9.0
"2026-10-3 15:00","Ed Wood",Biography,"Tim Burton",1994,127,0,8.5
"2026-10-3 12:30","O Brother, Where Art Thou?",Adventure,"Joel Coen",2000,107,0,8.5
"2026-10-3 10:00","Kung fu",Action,"Stephen Chow",2004,99,12,7.0
"2026-10-2 12:30","Brokeback Mountain",Drama,"Ang Lee",2005,134,12,7.5
"2026-10-2 10:00","The Night of the Hunter",Crime,"Charles Laughton",1955,92,12,8.5
"2026-10-1 14:00","Die Hard: With a Vengeance",Action,"John McTiernan",1995,128,12,7.5
"2026-10-1 10:00","La leggenda del pianista sull'oceano",Drama,"Giuseppe Tornatore",1998,169,0,8.0
"2026-9-30 10:00","Annie Hall",Comedy,"Woody Allen",1977,93,12,6.5
"2026-9-29 15:30","Die Hard",Action,"John McTiernan",1988,132,12,8.0
"2026-9-29 13:00","Aguirre, der Zorn Gottes",Action,"Werner Herzog",1972,95,12,8.0
"2026-9-29 10:00","Guess Who's Coming to Dinner",Comedy,"Stanley Kramer",1967,108,12,7.0
"2026-9-28 13:00","O Brother, Where Art Thou?",Adventure,"Joel Coen",2000,107,0,6.5
"2026-9-28 10:30","O Brother, Where Art Thou?",Adventure,"Joel Coen",2000,107,0,8.5
"2026-9-27 17:00","Once Were Warriors",Crime,"Lee Tamahori",1994,102,12,8.0
"2026-9-27 14:30","Laura",Drama,"Otto Preminger",1944,88,12,7.0
"2026-9-27 12:30","Lola rennt",Crime,"Tom Tykwer",1998,81,12,8.0
"2026-9-27 10:00","Brief Encounter",Drama,"David Lean",1945,86,0,8.0
"2026-9-26 18:00","Dead Man",Adventure,"Jim Jarmusch",1995,121,16,10.0
"2026-9-26 15:00","Witness for the Prosecution",Crime,"Billy Wilder",1957,116,0,7.0
"2026-9-26 12:30","To Be or Not to Be",Comedy,"Ernst Lubitsch",1942,99,12,7.0
"2026-9-26 10:00","The Night of the Hunter",Crime,"Charles Laughton",1955,92,12,7.0
"2026-9-25 15:30","Central do Brasil",Drama,"Walter Salles",1998,110,16,8.0
"2026-9-25 13:00","Brief Encounter",Drama,"David Lean",1945,86,0,7.0
"2026-9-25 10:30","Donnie Darko",Drama,"Richard Kelly",2001,113,16,7.5
"2026-9-24 13:00","Star Trek II: The Wrath of Khan",Action,"Nicholas Meyer",1982,113,0,8.0
"2026-9-24 10:30","Strangers on a Train",Crime,"Alfred Hitchcock",1951,101,12,8.5
"2026-9-23 13:00","Laura",Drama,"Otto Preminger",1944,88,12,6.5
"2026-9-23 10:00","V for Vendetta",Action,"James McTeigue",2005,132,12,6.5
"2026-9-22 10:30","Sholay",Action,"Ramesh Sippy",1975,204,0,8.5
"2026-9-21 12:30","Wo hu cang long",Action,"Ang Lee",2000,120,12,7.0
"2026-9-21 10:00","A Christmas Story",Comedy,"Bob Clark",1983,93,0,7.5
"2026-9-20 19:30","Funny Games",Crime,"Michael Haneke",1997,108,12,10.0
"2026-9-20 17:00","The Night of the Hunter",Crime,"Charles Laughton",1955,92,12,8.5
"2026-9-20 13:30","Paris, Texas",Drama,"Wim Wenders",1984,145,0,8.5
"2026-9-20 10:30","Efter brylluppet",Drama,"Susanne Bier",2006,120,16,7.0
"2026-9-19 20:00","Ed Wood",Biography,"Tim Burton",1994,127,0,8.5
"2026-9-19 17:00","Anand",Drama,"Hrishikesh Mukherjee",1971,122,0,7.5
"2026-9-19 14:00","Wo hu cang long",Action,"Ang Lee",2000,120,12,7.0
"2026-9-19 10:30","Stalker",Drama,"Andrei Tarkovsky",1979,162,0,6.5
"2026-9-18 10:00","A Christmas Story",Comedy,"Bob Clark",1983,93,0,6.5
"2026-9-17 13:00","Mad Max 2",Action,"George Miller",1981,96,12,7.0
"2026-9-17 10:30","No Man's Land",Comedy,"Danis Tanovic",2001,98,16,6.5
"2026-9-16 16:00","Ed Wood",Biography,"Tim Burton",1994,127,0,8.0
"2026-9-16 12:30","Once Upon a Time in the West",Western,"Sergio Leone",1968,165,0,7.5
"2026-9-16 10:00","Mad Max 2",Action,"George Miller",1981,96,12,7.5
"2026-9-15 16:30","Yeopgijeogin geunyeo",Comedy,"Jae-young Kwak",2001,137,12,7.5
"2026-9-15 13:30","Kumonosu-jô",Drama,"Akira Kurosawa",1957,110,12,8.0
"2026-9-15 10:30","Witness for the Prosecution",Crime,"Billy Wilder",1957,116,0,8.5
"2026-9-14 16:00","Star Wars",Action,"George Lucas",1977,121,12,7.5
"2026-9-14 13:30","Roman Holiday",Comedy,"William Wyler",1953,118,12,7.0
"2026-9-14 10:30","Efter brylluppet",Drama,"Susanne Bier",2006,120,16,7.0
"2026-9-13 20:00","Star Trek II: The Wrath of Khan",Action,"Nicholas Meyer",1982,113,0,9.0
"2026-9-13 16:30","Once Upon a Time in the West",Western,"Sergio Leone",1968,165,0,8.0
"2026-9-13 13:30","Blood Diamond",Adventure,"Edward Zwick",2006,143,12,7.5
"2026-9-13 10:00","Blood Diamond",Adventure,"Edward Zwick",2006,143,12,7.0
"2026-9-12 15:30","Sleuth",Mystery,"Joseph L. Mankiewicz",1972,138,6,8.5
"2026-9-12 13:00","The Station Agent",Comedy,"Tom McCarthy",2003,89,16,8.5
"2026-9-12 10:30","Funny Games",Crime,"Michael Haneke",1997,108,12,7.0
"2026-9-11 16:00","The Exorcist",Horror,"William Friedkin",1973,122,12,7.5
"2026-9-11 13:30","O Brother, Where Art Thou?",Adventure,"Joel Coen",2000,107,0,7.0
"2026-9-11 10:30","Star Trek II: The Wrath of Khan",Action,"Nicholas Meyer",1982,113,0,8.5
"2026-9-10 10:00","Once Upon a Time in the West",Western,"Sergio Leone",1968,165,0,8.5
"2026-9-9 13:00","O Brother, Where Art Thou?",Adventure,"Joel Coen",2000,107,0,7.0
"2026-9-9 10:00","Lat sau san taam",Action,"John Woo",1992,128,16,7.5
"2026-9-8 16:30","Stalag 17",Comedy,"Billy Wilder",1953,120,12,8.5
"2026-9-8 13:00","Yeopgijeogin geunyeo",Comedy,"Jae-young Kwak",2001,137,12,6.5
"2026-9-8 10:30","Guess Who's Coming to Dinner",Comedy,"Stanley Kramer",1967,108,12,6.5
"2026-9-7 13:30","Funny Games",Crime,"Michael Haneke",1997,108,12,6.5
"2026-9-7 10:00","Once Upon a Time in the West",Western,"Sergio Leone",1968,165,0,8.5
"2026-9-6 15:00","Guess Who's Coming to Dinner",Comedy,"Stanley Kramer",1967,108,12,7.0
"2026-9-6 12:30","The Night of the Hunter",Crime,"Charles Laughton",1955,92,12,6.5
"2026-9-6 10:00","Rope",Crime,"Alfred Hitchcock",1948,80,12,8.0
"2026-9-5 17:00","La Grande Illusion",Drama,"Jean Renoir",1937,113,12,8.5
"2026-9-5 13:30","Once Upon a Time in the West",Western,"Sergio Leone",1968,165,0,7.0
"2026-9-5 10:00","Once Upon a Time in the West",Western,"Sergio Leone",1968,165,0,7.5
"2026-9-4 12:30","Efter brylluppet",Drama,"Susanne Bier",2006,120,16,8.0
"2026-9-4 10:00","Once Were Warriors",Crime,"Lee Tamahori",1994,102,12,8.5
"2026-9-3 10:30","What Ever Happened to Baby Jane?",Drama,"Robert Aldrich",1962,134,12,8.0
"2026-9-2 10:00","Once Were Warriors",Crime,"Lee Tamahori",1994,102,12,6.5
"2026-9-1 10:00","Paris, Texas",Drama,"Wim Wenders",1984,145,0,8.5
"2026-8-31 12:00","Stalker",Drama,"Andrei Tarkovsky",1979,162,0,7.5
"2026-8-31 10:00","The Circus",Comedy,"Charles Chaplin",1928,72,12,7.5
"2026-8-30 15:00","V for Vendetta",Action,"James McTeigue",2005,132,12,8.0
"2026-8-30 12:30","The Truman Show",Comedy,"Peter Weir",1998,103,0,7.5
"2026-8-30 10:00","Funny Games",Crime,"Michael Haneke",1997,108,12,6.5
"2026-8-29 17:00","Kumonosu-jô",Drama,"Akira Kurosawa",1957,110,12,8.0
"2026-8-29 14:00","The Bourne Identity",Action,"Doug Liman",2002,119,12,7.5
"2026-8-29 10:00","The Right Stuff",Adventure,"Philip Kaufman",1983,193,6,7.0
"2026-8-28 10:30","The Color Purple",Drama,"Steven Spielberg",1985,154,0,8.5
"2026-8-27 15:30","Blood Diamond",Adventure,"Edward Zwick",2006,143,12,6.5
"2026-8-27 13:30","The General",Action,"Clyde Bruckman",1926,67,12,6.5
"2026-8-27 10:30","Lat sau san taam",Action,"John Woo",1992,128,16,8.0
"2026-8-26 10:30","The Notebook",Drama,"Nick Cassavetes",2004,123,12,6.5
"2026-8-25 15:30","Rope",Crime,"Alfred Hitchcock",1948,80,12,7.0
"2026-8-25 12:30","Stalag 17",Comedy,"Billy Wilder",1953,120,12,7.0
"2026-8-25 10:30","Zelig",Comedy,"Woody Allen",1983,79,6,8.5
"2026-8-24 10:00","Rope",Crime,"Alfred Hitchcock",1948,80,12,8.5
"2026-8-23 17:30","La Grande Illusion",Drama,"Jean Renoir",1937,113,12,7.0
"2026-8-23 15:00","The Station Agent",Comedy,"Tom McCarthy",2003,89,16,6.5
"2026-8-23 12:30","Central do Brasil",Drama,"Walter Salles",1998,110,16,6.5
"2026-8-23 10:30","The General",Action,"Clyde Bruckman",1926,67,12,8.0
"2026-8-22 19:00","Pride & Prejudice",Drama,"Joe Wright",2005,129,6,9.0
"2026-8-22 16:30","On the Waterfront",Crime,"Elia Kazan",1954,108,12,7.5
"2026-8-22 14:00","The Truman Show",Comedy,"Peter Weir",1998,103,0,8.0
"2026-8-22 10:30","The Color Purple",Drama,"Steven Spielberg",1985,154,0,8.5
"2026-8-21 17:00","Stalag 17",Comedy,"Billy Wilder",1953,120,12,7.0
"2026-8-21 14:30","Glengarry Glen Ross",Crime,"James Foley",1992,100,16,7.0
"2026-8-21 10:30","Judgment at Nuremberg",Drama,"Stanley Kramer",1961,179,12,7.5
"2026-8-20 10:00","The Color Purple",Drama,"Steven Spielberg",1985,154,0,7.5
"2026-8-19 12:30","Spoorloos",Mystery,"George Sluizer",1988,107,12,7.0
"2026-8-19 10:00","Harold and Maude",Comedy,"Hal Ashby",1971,91,6,8.0
"2026-8-18 13:30","The Game",Action,"David Fincher",1997,129,12,6.5
"2026-8-18 10:30","Sleuth",Mystery,"Joseph L. Mankiewicz",1972,138,6,7.0
"2026-8-17 15:00","Sleuth",Mystery,"Joseph L. Mankiewicz",1972,138,6,6.5
"2026-8-17 13:00","The Circus",Comedy,"Charles Chaplin",1928,72,12,8.0
"2026-8-17 10:00","The World's Fastest Indian",Biography,"Roger Donaldson",2005,127,0,8.0
"2026-8-16 20:00","The Game",Action,"David Fincher",1997,129,12,9.0
"2026-8-16 17:00","Roman Holiday",Comedy,"William Wyler",1953,118,12,6.5
"2026-8-16 13:30","Zwartboek",Drama,"Paul Verhoeven",2006,145,16,8.5
"2026-8-16 10:30","Blood Diamond",Adventure,"Edward Zwick",2006,143,12,7.0
"2026-8-15 15:30","Miracle on 34th Street",Comedy,"George Seaton",1947,96,12,6.5
"2026-8-15 13:00","Mad Max 2",Action,"George Miller",1981,96,12,7.5
"2026-8-15 10:30","Spoorloos",Mystery,"George Sluizer",1988,107,12,7.5
"2026-8-14 13:30","Kumonosu-jô",Drama,"Akira Kurosawa",1957,110,12,8.0
"2026-8-14 10:30","Awakenings",Biography,"Penny Marshall",1990,121,0,8.0
"2026-8-13 17:30","The Game",Action,"David Fincher",1997,129,12,7.5
"2026-8-13 13:30","Doctor Zhivago",Drama,"David Lean",1965,197,12,8.5
"2026-8-13 10:30","La battaglia di Algeri",Drama,"Gillo Pontecorvo",1966,121,12,8.5
"2026-8-12 17:00","Blood Diamond",Adventure,"Edward Zwick",2006,143,12,7.0
"2026-8-12 13:30","Zwartboek",Drama,"Paul Verhoeven",2006,145,16,8.5
"2026-8-12 10:30","Sleuth",Mystery,"Joseph L. Mankiewicz",1972,138,6,7.0
"2026-8-11 13:30","Star Wars",Action,"George Lucas",1977,121,12,7.0
"2026-8-11 10:00","The Wild Bunch",Action,"Sam Peckinpah",1969,145,12,6.5
"2026-8-10 10:30","Shadow of a Doubt",Film-Noir,"Alfred Hitchcock",1943,108,6,7.5
"2026-8-9 15:30","Being John Malkovich",Comedy,"Spike Jonze",1999,113,16,8.5
"2026-8-9 12:30","Roman Holiday",Comedy,"William Wyler",1953,118,12,8.0
"2026-8-9 10:30","Das Cabinet des Dr. Caligari",Fantasy,"Robert Wiene",1920,76,12,8.0
"2026-8-8 18:00","Being John Malkovich",Comedy,"Spike Jonze",1999,113,16,8.5
"2026-8-8 15:30","Being John Malkovich",Comedy,"Spike Jonze",1999,113,16,7.5
"2026-8-8 13:00","Glengarry Glen Ross",Crime,"James Foley",1992,100,16,8.5
"2026-8-8 10:00","Pride & Prejudice",Drama,"Joe Wright",2005,129,6,6.5
"2026-8-7 10:30","Badlands",Action,"Terrence Malick",1973,94,6,8.5
"2026-8-6 13:00","Delicatessen",Comedy,"Marc Caro",1991,99,16,7.0
"2026-8-6 10:30","On the Waterfront",Crime,"Elia Kazan",1954,108,12,8.0
"2026-8-5 15:00","Miracle on 34th Street",Comedy,"George Seaton",1947,96,12,6.5
"2026-8-5 12:30","À bout de souffle",Crime,"Jean-Luc Godard",1960,90,0,7.5
"2026-8-5 10:00","The Station Agent",Comedy,"Tom McCarthy",2003,89,16,8.5
"2026-8-4 10:30","Pride & Prejudice",Drama,"Joe Wright",2005,129,6,8.5
"2026-8-3 12:30","Roman Holiday",Comedy,"William Wyler",1953,118,12,6.5
"2026-8-3 10:00","Midnight Cowboy",Drama,"John Schlesinger",1969,113,12,6.5
"2026-8-2 16:00","No Man's Land",Comedy,"Danis Tanovic",2001,98,16,6.5
"2026-8-2 13:00","Awakenings",Biography,"Penny Marshall",1990,121,0,7.5
"2026-8-2 10:30","No Man's Land",Comedy,"Danis Tanovic",2001,98,16,8.5
"2026-8-1 17:00","Star Wars",Action,"George Lucas",1977,121,12,6.5
"2026-8-1 14:00","Awakenings",Biography,"Penny Marshall",1990,121,0,7.0
"2026-8-1 10:00","Doctor Zhivago",Drama,"David Lean",1965,197,12,7.0
"2026-7-31 10:00","Das Cabinet des Dr. Caligari",Fantasy,"Robert Wiene",1920,76,12,8.0
"2026-7-30 12:30","Miracle on 34th Street",Comedy,"George Seaton",1947,96,12,7.5
"2026-7-30 10:00","On the Waterfront",Crime,"Elia Kazan",1954,108,12,8.5
"2026-7-29 10:00","The Bridges of Madison County",Drama,"Clint Eastwood",1995,135,12,7.5
"2026-7-28 15:30","The World's Fastest Indian",Biography,"Roger Donaldson",2005,127,0,6.5
"2026-7-28 12:30","Being John Malkovich",Comedy,"Spike Jonze",1999,113,16,7.5
"2026-7-28 10:00","Das Cabinet des Dr. Caligari",Fantasy,"Robert Wiene",1920,76,12,7.0
"2026-7-27 10:30","The Wild Bunch",Action,"Sam Peckinpah",1969,145,12,8.0
"2026-7-26 19:00","Star Wars",Action,"George Lucas",1977,121,12,8.5
"2026-7-26 16:00","Awakenings",Biography,"Penny Marshall",1990,121,0,6.5
"2026-7-26 13:30","Badlands",Action,"Terrence Malick",1973,94,6,8.0
"2026-7-26 10:30","Pride & Prejudice",Drama,"Joe Wright",2005,129,6,8.5
"2026-7-25 15:30","Rebecca",Drama,"Alfred Hitchcock",1940,130,12,8.5
"2026-7-25 13:00","No Man's Land",Comedy,"Danis Tanovic",2001,98,16,7.5
"2026-7-25 10:00","Star Wars",Action,"George Lucas",1977,121,12,7.5
"2026-7-24 12:30","On the Waterfront",Crime,"Elia Kazan",1954,108,12,6.5
"2026-7-24 10:00","Manhattan",Comedy,"Woody Allen",1979,96,16,7.0
"2026-7-23 13:00","On the Waterfront",Crime,"Elia Kazan",1954,108,12,6.5
"2026-7-23 10:30","The Adventures of Robin Hood",Action,"Michael Curtiz",1938,102,6,7.0
"2026-7-22 13:30","Miracle on 34th Street",Comedy,"George Seaton",1947,96,12,8.5
"2026-7-22 10:30","The Bridges of Madison County",Drama,"Clint Eastwood",1995,135,12,7.0
"2026-7-21 13:30","Giant",Drama,"George Stevens",1956,201,0,7.0
"2026-7-21 10:30","The World's Fastest Indian",Biography,"Roger Donaldson",2005,127,0,8.5
"2026-7-20 14:00","Delicatessen",Comedy,"Marc Caro",1991,99,16,8.5
"2026-7-20 10:00","Doctor Zhivago",Drama,"David Lean",1965,197,12,7.0
"2026-7-19 15:30","The Circus",Comedy,"Charles Chaplin",1928,72,12,6.5
"2026-7-19 12:30","Unforgiven",Drama,"Clint Eastwood",1992,130,12,6.5
"2026-7-19 10:00","Tôkyô goddofâzâzu",Animation,"Satoshi Kon",2003,90,12,8.0
"2026-7-18 15:00","À bout de souffle",Crime,"Jean-Luc Godard",1960,90,0,8.5
"2026-7-18 12:30","Spoorloos",Mystery,"George Sluizer",1988,107,12,7.5
"2026-7-18 10:00","Tôkyô goddofâzâzu",Animation,"Satoshi Kon",2003,90,12,7.0
"2026-7-17 12:30","The World's Fastest Indian",Biography,"Roger Donaldson",2005,127,0,8.5
"2026-7-17 10:00","Badlands",Action,"Terrence Malick",1973,94,6,8.0
"2026-7-16 15:00","The World's Fastest Indian",Biography,"Roger Donaldson",2005,127,0,8.5
"2026-7-16 12:30","Funny Games",Crime,"Michael Haneke",1997,108,12,7.0
"2026-7-16 10:00","Spoorloos",Mystery,"George Sluizer",1988,107,12,7.0
"2026-7-15 16:30","Rebecca",Drama,"Alfred Hitchcock",1940,130,12,7.0
"2026-7-15 14:00","To Have and Have Not",Adventure,"Howard Hawks",1944,100,6,7.5
"2026-7-15 10:30","The Wild Bunch",Action,"Sam Peckinpah",1969,145,12,7.5
"2026-7-14 14:00","The World's Fastest Indian",Biography,"Roger Donaldson",2005,127,0,7.0
"2026-7-14 10:00","The Longest Day",Action,"Ken Annakin",1962,178,0,8.0
"2026-7-13 17:00","Heat",Crime,"Michael Mann",1995,170,12,7.0
"2026-7-13 12:30","Giant",Drama,"George Stevens",1956,201,0,8.5
"2026-7-13 10:00","The Graduate",Comedy,"Mike Nichols",1967,106,12,6.5
"2026-7-12 15:30","Manhattan",Comedy,"Woody Allen",1979,96,16,8.0
"2026-7-12 13:00","To Have and Have Not",Adventure,"Howard Hawks",1944,100,6,7.0
"2026-7-12 10:30","Trois couleurs: Blanc",Comedy,"Krzysztof Kieslowski",1994,92,0,6.5
"2026-7-11 16:30","Jungfrukällan",Drama,"Ingmar Bergman",1960,89,12,7.5
"2026-7-11 13:30","La battaglia di Algeri",Drama,"Gillo Pontecorvo",1966,121,12,6.5
"2026-7-11 10:30","La battaglia di Algeri",Drama,"Gillo Pontecorvo",1966,121,12,7.0
"2026-7-10 13:30","Cast Away",Adventure,"Robert Zemeckis",2000,143,12,8.5
"2026-7-10 10:30","The World's Fastest Indian",Biography,"Roger Donaldson",2005,127,0,8.5
"2026-7-9 16:00","Manhattan",Comedy,"Woody Allen",1979,96,16,7.0
"2026-7-9 13:30","Spoorloos",Mystery,"George Sluizer",1988,107,12,7.0
"2026-7-9 10:30","Kill Bill: Vol. 2",Action,"Quentin Tarantino",2004,137,12,6.5
"2026-7-8 10:30","Vizontele",Comedy,"Yilmaz Erdogan",2001,110,12,6.5
"2026-7-7 10:30","Funny Games",Crime,"Michael Haneke",1997,108,12,8.0
"2026-7-6 10:30","À bout de souffle",Crime,"Jean-Luc Godard",1960,90,0,8.0
"2026-7-5 16:00","Empire of the Sun",Action,"Steven Spielberg",1987,153,0,8.0
"2026-7-5 13:00","Fantasia",Animation,"James Algar",1940,125,0,6.5
"2026-7-5 10:00","La battaglia di Algeri",Drama,"Gillo Pontecorvo",1966,121,12,7.0
"2026-7-4 19:00","Spoorloos",Mystery,"George Sluizer",1988,107,12,9.0
"2026-7-4 16:00","Cast Away",Adventure,"Robert Zemeckis",2000,143,12,7.5
"2026-7-4 13:00","Apocalypto",Action,"Mel Gibson",2006,139,12,7.0
"2026-7-4 10:30","Spoorloos",Mystery,"George Sluizer",1988,107,12,8.5
"2026-7-3 10:30","The World's Fastest Indian",Biography,"Roger Donaldson",2005,127,0,6.5
"2026-7-2 10:00","Kal Ho Naa Ho",Comedy,"Nikkhil Advani",2003,186,0,8.5
"2026-7-1 10:00","À bout de souffle",Crime,"Jean-Luc Godard",1960,90,0,7.5
"2026-6-30 16:00","Jungfrukällan",Drama,"Ingmar Bergman",1960,89,12,7.5
"2026-6-30 13:00","Funny Games",Crime,"Michael Haneke",1997,108,12,8.5
"2026-6-30 10:00","Rebecca",Drama,"Alfred Hitchcock",1940,130,12,7.0
"2026-6-29 13:30","What's Eating Gilbert Grape",Drama,"Lasse Hallström",1993,118,0,7.5
"2026-6-29 10:30","Omohide poro poro",Animation,"Isao Takahata",1991,118,0,8.5
"2026-6-28 18:30","Apocalypto",Action,"Mel Gibson",2006,139,12,9.5
"2026-6-28 15:30","Fantasia",Animation,"James Algar",1940,125,0,7.0
"2026-6-28 13:00","In the Heat of the Night",Crime,"Norman Jewison",1967,110,0,8.0
"2026-6-28 10:30","Tôkyô goddofâzâzu",Animation,"Satoshi Kon",2003,90,12,8.5
"2026-6-27 16:00","To Have and Have Not",Adventure,"Howard Hawks",1944,100,6,7.0
"2026-6-27 13:30","To Have and Have Not",Adventure,"Howard Hawks",1944,100,6,8.0
"2026-6-27 10:30","Unforgiven",Drama,"Clint Eastwood",1992,130,12,8.5
"2026-6-26 14:00","Giant",Drama,"George Stevens",1956,201,0,8.5
"2026-6-26 10:30","Heat",Crime,"Michael Mann",1995,170,12,8.0
"2026-6-25 15:00","28 Days Later...",Drama,"Danny Boyle",2002,113,12,8.0
"2026-6-25 12:30","À bout de souffle",Crime,"Jean-Luc Godard",1960,90,0,7.0
"2026-6-25 10:00","Laura",Drama,"Otto Preminger",1944,88,12,8.5
"2026-6-24 15:00","Vizontele",Comedy,"Yilmaz Erdogan",2001,110,12,8.0
"2026-6-24 12:30","Trois couleurs: Blanc",Comedy,"Krzysztof Kieslowski",1994,92,0,6.5
"2026-6-24 10:00","The Graduate",Comedy,"Mike Nichols",1967,106,12,7.0
"2026-6-23 13:30","Unforgiven",Drama,"Clint Eastwood",1992,130,12,8.5
"2026-6-23 10:30","Anand",Drama,"Hrishikesh Mukherjee",1971,122,0,8.0
"2026-6-22 16:30","Laura",Drama,"Otto Preminger",1944,88,12,8.0
"2026-6-22 13:30","The Silence of the Lambs",Crime,"Jonathan Demme",1991,118,12,6.5
"2026-6-22 10:30","What's Eating Gilbert Grape",Drama,"Lasse Hallström",1993,118,0,8.5
"2026-6-21 17:30","Empire of the Sun",Action,"Steven Spielberg",1987,153,0,6.5
"2026-6-21 14:30","Rebecca",Drama,"Alfred Hitchcock",1940,130,12,8.0
"2026-6-21 12:00","Before Sunrise",Drama,"Richard Linklater",1995,101,16,7.0
"2026-6-21 10:00","Laura",Drama,"Otto Preminger",1944,88,12,7.5
"2026-6-20 15:30","Sling Blade",Drama,"Billy Bob Thornton",1996,135,16,8.0
"2026-6-20 13:00","Trois couleurs: Blanc",Comedy,"Krzysztof Kieslowski",1994,92,0,8.0
"2026-6-20 10:30","Tôkyô goddofâzâzu",Animation,"Satoshi Kon",2003,90,12,7.0
"2026-6-19 12:30","What's Eating Gilbert Grape",Drama,"Lasse Hallström",1993,118,0,7.0
"2026-6-19 10:00","Trois couleurs: Blanc",Comedy,"Krzysztof Kieslowski",1994,92,0,8.0
"2026-6-18 16:30","Jurassic Park",Action,"Steven Spielberg",1993,127,12,8.0
"2026-6-18 14:00","Strangers on a Train",Crime,"Alfred Hitchcock",1951,101,12,6.5
"2026-6-18 10:30","The Longest Day",Action,"Ken Annakin",1962,178,0,7.5
"2026-6-17 10:30","Anand",Drama,"Hrishikesh Mukherjee",1971,122,0,7.0
"2026-6-16 10:30","Trois couleurs: Blanc",Comedy,"Krzysztof Kieslowski",1994,92,0,7.0
"2026-6-15 10:30","Laura",Drama,"Otto Preminger",1944,88,12,7.5
"2026-6-14 21:00","Kal Ho Naa Ho",Comedy,"Nikkhil Advani",2003,186,0,8.5
"2026-6-14 17:00","The Longest Day",Action,"Ken Annakin",1962,178,0,8.5
"2026-6-14 14:30","The Graduate",Comedy,"Mike Nichols",1967,106,12,8.5
"2026-6-14 10:30","Kal Ho Naa Ho",Comedy,"Nikkhil Advani",2003,186,0,7.5
"2026-6-13 19:30","The Longest Day",Action,"Ken Annakin",1962,178,0,8.5
"2026-6-13 16:00","Metropolis",Drama,"Fritz Lang",1927,153,12,8.0
"2026-6-13 13:30","The Graduate",Comedy,"Mike Nichols",1967,106,12,7.5
"2026-6-13 10:30","Jurassic Park",Action,"Steven Spielberg",1993,127,12,8.0
"2026-6-12 13:00","Empire of the Sun",Action,"Steven Spielberg",1987,153,0,8.5
"2026-6-12 10:00","Rebecca",Drama,"Alfred Hitchcock",1940,130,12,7.0
"2026-6-11 16:00","Jurassic Park",Action,"Steven Spielberg",1993,127,12,7.5
"2026-6-11 13:00","Anand",Drama,"Hrishikesh Mukherjee",1971,122,0,7.5
"2026-6-11 10:00","Anand",Drama,"Hrishikesh Mukherjee",1971,122,0,7.5
"2026-6-10 12:30","Omohide poro poro",Animation,"Isao Takahata",1991,118,0,7.0
"2026-6-10 10:00","28 Days Later...",Drama,"Danny Boyle",2002,113,12,8.0
"2026-6-9 16:30","Before Sunrise",Drama,"Richard Linklater",1995,101,16,7.5
"2026-6-9 13:00","Terminator 2: Judgment Day",Action,"James Cameron",1991,137,0,6.5
"2026-6-9 10:00","28 Days Later...",Drama,"Danny Boyle",2002,113,12,6.5
"2026-6-8 16:00","The Longest Day",Action,"Ken Annakin",1962,178,0,8.5
"2026-6-8 13:30","Spoorloos",Mystery,"George Sluizer",1988,107,12,7.5
"2026-6-8 10:00","Empire of the Sun",Action,"Steven Spielberg",1987,153,0,8.5
"2026-6-7 16:30","The Graduate",Comedy,"Mike Nichols",1967,106,12,8.5
"2026-6-7 13:30","Terminator 2: Judgment Day",Action,"James Cameron",1991,137,0,7.0
"2026-6-7 10:00","Metropolis",Drama,"Fritz Lang",1927,153,12,8.0